country,date,year,calendar_month,regime,inflation_yoy,stablecoin_exposure_l1_z,policy_restriction_intensity_l1_z,dlog_exchange_rate_eop_l1_z,fiscal_deficit_pct_gdp_l1_z,unemployment_rate_l1_z,current_account_deficit_pct_gdp_l1_z,broad_money_growth_l1_z,crypto_x_fx_z,fx_x_ca_deficit_z,fiscal_x_m2_z
Argentina,2019-01-01,2019,1,Restricted,7.766223917692568,-0.13826430117118466,0.6476885381006925,1.5230298564080254,-0.23415337472333597,-0.23413695694918055,1.5792128155073915,0.7674347291529088,-0.21058065875910534,2.405188267639936,-0.1796974317110429
Argentina,2019-02-01,2019,2,Restricted,3.7609542869750636,0.5425600435859647,-0.46341769281246226,-0.46572975357025687,0.24196227156603412,-1.913280244657798,-1.7249178325130328,-0.5622875292409727,-0.25268635539635914,0.8033455570652364,-0.13605236784839858
Argentina,2019-03-01,2019,3,Restricted,3.926039582937296,0.3142473325952739,-0.9080240755212111,-1.4123037013352917,1.465648768921554,-0.22577630048653566,0.06752820468792384,-1.4247481862134568,-0.44381267095904775,-0.09537033342528203,-2.08818042514697
Argentina,2019-04-01,2019,4,Restricted,10.063163239273434,0.11092258970986608,-1.1509935774223028,0.37569801834567196,-0.600638689918805,-0.2916937497932768,-0.6017066122293969,1.8522781845089378,0.041673397143766715,-0.2260599818400721,-1.112549942108631
Argentina,2019-05-01,2019,5,Restricted,7.546747137533647,-1.0577109289559,0.822544912103189,-1.2208436499710222,0.2088635950047554,-1.9596701238797756,-1.3281860488984305,0.19686123586912352,1.2912996711207614,1.6215075037777504,0.041117145440704245
Argentina,2019-06-01,2019,6,Restricted,9.122217001186048,0.1713682811899705,-0.11564828238824053,-0.3011036955892888,-1.4785219903674274,-0.7198442083947086,-0.4606387709597875,1.0571222262189157,-0.05159962277308452,0.13870003626769997,-1.562978457970837
Argentina,2019-07-01,2019,7,Restricted,8.409813306279524,-1.763040155362734,0.324083969394795,-0.38508228041631654,-0.6769220003059587,0.6116762888408679,1.030999522495951,0.9312801191161986,0.6789155234926186,-0.39701964723087424,-0.6304040010773087
Argentina,2019-08-01,2019,8,Restricted,8.49417613842765,-0.3092123758512146,0.33126343140356396,0.9755451271223592,-0.47917423784528995,-0.18565897666381712,-1.1063349740060282,-1.1962066240806708,-0.30165062650757984,-1.0792796928566228,0.5731913973993427
Argentina,2019-09-01,2019,9,Restricted,4.627970263719738,1.356240028570823,-0.07201012158033385,1.0035328978920242,0.36163602504763415,-0.6451197546051243,0.36139560550841393,1.5380365664659692,1.3610314861088395,0.3626723792813014,0.5562094302746644
Argentina,2019-10-01,2019,10,Restricted,1.5601348977501135,1.564643655814006,-2.6197451040897444,0.8219025043752238,0.08704706823817134,-0.29900735046586785,0.0917607765355023,-1.9875689146008928,1.2859845391683373,0.07541841203794461,-0.17301204693733205
Argentina,2019-11-01,2019,11,Restricted,4.963941979176787,0.3571125715117464,1.477894044741516,-0.5182702182736474,-0.8084936028931876,-0.5017570435845365,0.9154021177020741,0.32875110965968446,-0.18508081038565632,-0.474425655349613,-0.2657931691038917
Argentina,2019-12-01,2019,12,Restricted,4.689928290788377,0.5132674331133561,0.09707754934804039,0.9686449905328892,-0.7020530938773524,-0.3276621465977682,-0.39210815313215763,-1.4635149481321186,0.49717392788892717,-0.37981359827856753,1.0274651972719067
Argentina,2020-01-01,2020,1,Restricted,5.65728193124577,0.26105527217988933,0.0051134566424609,-0.23458713337514742,-1.4153707420504142,-0.42064532276535904,-0.3427145165267695,-0.8022772692216189,-0.061240207953149106,0.08039641599806444,1.1355197738683827
Argentina,2020-02-01,2020,2,Restricted,4.921208937884555,0.4040508568145384,1.8861859012105302,0.17457781283183896,0.257550390722764,-0.0744459157661671,-1.9187712152990415,-0.026513875449216878,0.07053831485551265,-0.33497488209159626,-0.006828658981520506
Argentina,2020-03-01,2020,3,Restricted,4.1954850112347195,2.463242112485286,-0.19236096478112252,0.30154734233361247,-0.03471176970524331,-1.168678037619532,1.1428228145150205,0.7519330326867741,0.7427841125441713,0.3446151824752234,-0.026100926264388494
Argentina,2020-04-01,2020,4,Restricted,4.519078953401732,-0.9093874547947389,1.4027943109360992,-1.4018510627922809,0.5868570938002703,2.1904556258099785,-0.9905363251306883,-0.5662977296027719,1.274825769993972,1.3885844001188157,-0.332335839820374
Argentina,2020-05-01,2020,5,Restricted,9.676459573449657,-0.5034756541161992,-1.5506634310661327,0.06856297480602733,-1.0623037137261049,0.4735924306351816,-0.9194242342338034,1.5499344050175399,-0.034519788588617095,-0.06303846060782323,-1.6465010744819935
Argentina,2020-06-01,2020,6,Restricted,6.589798452823432,-0.3220615162056756,0.8135172173696698,-1.2308643164339552,0.22745993460412942,1.307142754282428,-1.6074832345612275,0.1846338585323042,0.39641402799418207,1.9785937526872486,0.041996805387465995
Argentina,2020-07-01,2020,7,Restricted,6.371480699706909,0.78182287177731,-1.236950710878082,-1.3204566130842763,0.5219415656168976,0.29698467323318606,0.25049285034587665,0.34644820949697586,-1.0323631812988892,-0.33076494076954277,0.18082572087002252
Argentina,2020-08-01,2020,8,Restricted,4.6121151260388045,0.23225369716100355,0.29307247329868125,-0.7143514180263678,1.8657745111447566,0.4738329209117875,-1.1913034972026486,0.6565536086338297,-0.16591075790882948,0.8510093425264831,1.2249809881891094
Argentina,2020-09-01,2020,9,Restricted,6.902668321053323,0.787084603742452,1.158595579007404,-0.8206823183517105,0.9633761292443218,0.4127809269364983,0.82206015999449,1.8967929826539474,-0.6459464173382929,-0.674650237928856,1.827325081606952
Argentina,2020-10-01,2020,10,Restricted,8.765885011491049,-0.7537361643574896,-0.8895144296255233,-0.8158102849654383,-0.07710170941410412,0.3411519748166435,0.27669079933001905,0.8271832490360238,0.61490571503324,-0.22572719984873774,-0.06377724249939003
Argentina,2020-11-01,2020,11,Restricted,-0.3360523285536132,1.4535340771573169,-0.2646568332379561,2.720169166589619,0.6256673477650062,-0.8571575564162826,-1.0708924980611123,0.4824724152431853,3.953858579270629,-2.9130087539579708,0.3018672364149805
Argentina,2020-12-01,2020,12,Restricted,7.135733490693362,0.7140004940920919,0.47323762457354485,-0.07282891265687277,-0.846793718068405,-1.5148472246858646,-0.4465149520670211,0.8563987943234723,-0.05199987962119697,0.03251919844407681,-0.7251931191944724
Argentina,2021-01-01,2021,1,Restricted,9.597833208719763,-1.245738778711988,0.173180925851182,0.3853173797288368,-0.883857436201133,0.1537251059455279,0.058208718445999896,-1.142970297830623,-0.4800048020399045,0.02242883086898629,1.01022279709462
Argentina,2021-02-01,2021,2,Restricted,6.820906606290384,0.5607845263682344,1.083051243175277,1.053802052034903,-1.377669367957091,-0.9378250399151228,0.5150352672086598,0.5137859509122088,0.5909558846362666,0.5427452214548303,-0.7078271662584557
Argentina,2021-03-01,2021,3,Restricted,-7.370517624544114,3.8527314906547208,0.570890510693167,1.135565640180599,0.9540017634932023,0.651391251305798,-0.31526924464034556,0.7589692204932672,4.375029501629281,-0.35800892161926784,0.724057974787638
Argentina,2021-04-01,2021,4,Restricted,4.24776956980714,-0.23681860674000887,-0.48536354782910346,0.08187413938632256,2.3146585666735087,-1.8672651925917483,0.6862601903745136,-1.6127158711896519,-0.019389319617506194,0.05618696248200718,-3.7328866068594584
Argentina,2021-05-01,2021,5,Restricted,6.883124635983517,1.0889505969673663,0.06428001909546277,-1.0777447779293061,-0.7153037092599682,0.6795977489346758,-0.7303666317171367,0.21645858958197486,-1.1736108193045796,0.7871488233069608,-0.15483363202916772
Argentina,2021-06-01,2021,6,Restricted,7.584129761944295,-0.6516003476058169,2.1439440893253257,0.6339190223180112,-2.025142586657607,0.18645431476942764,-0.661786464768388,0.852433334796224,-0.4130618552963557,-0.4195190287292695,-1.726299048582395
Argentina,2021-07-01,2021,7,Restricted,10.44876771187593,-0.11473644146689901,0.5049872789804571,0.8657551941701215,-1.2002964070557762,-0.3345012358409484,-0.4749453111609562,-0.6533292325737119,-0.09933367016056394,-0.4111863700843424,0.784188730482734
Argentina,2021-08-01,2021,8,Restricted,8.272743372362847,0.40498171096095553,-1.2608839543350452,0.9178619470547761,2.1221561970126332,1.0324652605511468,-1.5193699659540134,-0.48423407286625136,0.3717173017441972,-1.3945718752470997,-1.0276203385377822
Argentina,2021-09-01,2021,9,Restricted,7.632368334852275,-0.7076694656187807,0.44381942814622843,0.7746340534293368,-0.926930471578083,-0.05952535606180008,-3.2412673400690726,-1.0243876413342898,-0.5481848666404489,-2.5107960578858304,0.9495361194607533
Argentina,2021-10-01,2021,10,Restricted,5.583240299649515,-1.2477831819648495,1.6324113039316352,-1.4301413779606327,-0.44004448669698376,0.13074057728609134,1.4412732890661155,-1.4358621511794394,1.7845063592513126,-2.0612245676428675,0.6318432232833833
Argentina,2021-11-01,2021,11,Restricted,7.544753607648177,0.010233061019587049,-0.9815086510479509,0.46210347426327075,0.19905969557347003,-0.6002168771587947,0.06980208499001886,-0.3853135968617599,0.004728733049499223,0.03225578598470782,-0.07670040729162068
Argentina,2021-12-01,2021,12,Restricted,6.053702908663013,0.6621306745210463,1.586016816145352,-1.237815498826849,2.1330333746562666,-1.9520877995225019,-0.15178509503558324,0.5883172064845762,-0.819595611170827,0.18788194312595116,1.2549002363161432
Argentina,2022-01-01,2022,1,Restricted,8.746803138798334,-0.6226995198205939,-0.20812225035727533,-0.4930009346588331,-0.5893647569442118,0.849602097021025,0.35701548596504734,-0.6929095952606542,0.30699144528315936,-0.17600896826844584,0.4083764951951076
Argentina,2022-02-01,2022,2,Restricted,6.7722498937153945,0.30729952087660933,0.8128621188389601,0.6296288419236122,-0.8289950109220725,-0.5601810401969697,0.7472936051232618,0.6103702654334648,0.19348464145322045,0.47051760717068053,-0.5059939048595234
Argentina,2022-03-01,2022,3,Restricted,8.56059202412878,0.117327383308782,1.277664895788425,-0.5915713888358299,0.5470973811700377,-0.20219265243389398,-0.21768120322722037,1.0987768519871903,-0.06940752309244994,0.1287739717165813,0.60113793821245
Argentina,2022-04-01,2022,4,Restricted,4.431281464880195,0.8135096360006385,1.305478807154329,0.02100384163275905,0.6819529712949639,-0.31026675659345604,0.3241663524884421,-0.13014305436768459,0.01708682756128087,0.006808738730336385,-0.08875144261944454
Argentina,2022-05-01,2022,5,Restricted,7.96394664949487,0.5951570254369136,-0.8182206832334725,2.0923872756854602,-1.006017381499702,-1.2141886127877322,1.1581108735000678,0.7916626939629359,1.2452989870590059,2.4232164555445155,-0.7964264304115927
Argentina,2022-06-01,2022,6,Restricted,4.50755139538586,0.6283455092642799,-0.012246772846914623,-0.8972543714858315,0.07580455819372633,-0.6771617115121117,0.9751197334177512,-0.14705738150213865,-0.5637857549908663,-0.8749304435311759,-0.011147619833895884
Argentina,2022-07-01,2022,7,Restricted,5.48187904407621,-0.32138584165299344,0.4129314542756245,-0.5637245528039749,-0.8222203955664315,0.2436872114919123,0.24496657110872277,-0.5069431753711298,0.18117308986336284,-0.13809367075018789,0.41681901818335315
Argentina,2022-08-01,2022,8,Restricted,11.21759474221129,0.2320499373576363,-1.4480843414973241,-1.4074637743765552,-0.718444221252436,-0.21344715171184725,0.3109075655980046,1.475356216949552,-0.32660188067722196,-0.437591135758794,-1.059961148356261
Argentina,2022-09-01,2022,9,Restricted,6.704672487412657,-0.1599385299634271,-0.01901620790268883,-1.0025293646378088,-0.018513135992389903,-0.2886586389201379,0.3227185603380895,-0.827230943552323,0.16034307282533974,-0.3235348332525732,0.01531463895509717
Argentina,2022-10-01,2022,10,Restricted,3.551156153494198,1.5327389130025777,-0.1087601484568576,0.40171172209894146,0.6901439917111125,-0.40122047188583626,0.22409248181041677,0.01259240078179486,0.6157191882703251,0.09002057677748823,0.008690569740774038
Argentina,2022-11-01,2022,11,Restricted,9.532805554330464,-0.7730097838554665,0.024510174258942696,0.4979982912454495,1.4511436077950417,0.9592708260852069,2.1531824575115563,-0.7673475628880495,-0.38495755147603655,1.0722811845804328,-1.113531510842097
Argentina,2022-12-01,2022,12,Restricted,3.1322690751367515,0.18334200573835174,2.1898029332176723,-0.8082982853551515,-0.8397218421807761,-0.5993926454440222,-2.123895724309807,-0.525755021680761,-0.14819502887188404,1.7167412722327544,0.44148797534156253
Argentina,2023-01-01,2023,1,Restricted,4.475421428439461,0.15039378647620763,0.34175597577715944,1.8761708392158862,0.9504238381860503,-0.5769036556624031,-0.898414671348358,0.4919191715065057,0.2821644365859213,-1.6855794079075133,0.4675317070605151
Argentina,2023-02-01,2023,2,Restricted,2.7829025888034202,1.8314587658543537,1.179440120721287,-0.4691756521047048,-1.713134529090878,1.3538723741654133,-0.11453984525261789,1.2378163119734618,-0.8592758607725943,0.05373930658836897,-2.1205458647136637
Argentina,2023-03-01,2023,3,Restricted,8.334419009583632,-0.5993750229537729,0.005243699718183166,0.046980593764742055,-0.45006547147924364,0.6228499323474987,-1.0676204293825944,-0.1423794850212935,-0.02815899446612415,-0.05015744168776315,0.06408009005508036
Argentina,2023-04-01,2023,4,Restricted,8.651644861404915,0.514438834058749,0.7116148780888896,-1.124642091837869,-1.5341141707356223,1.277676821898509,0.33231401197959165,-0.7484865365565536,-0.5785595664584658,-0.3737343255797626,1.1482638023362353
Argentina,2023-05-01,2023,5,Restricted,7.813410727397923,0.11567463429285867,1.1792971840638264,0.06751848141010895,2.060747924881987,1.7553408424432044,-0.2489641484790735,0.9715709509543554,0.007810175645123529,-0.01680968123086793,2.0021628210548066
Argentina,2023-06-01,2023,6,Restricted,0.7679113632460658,1.3686315575323487,-0.9649234605801045,0.6860514599984393,1.0584244868495878,-1.7587394864231143,-1.183258512665775,-2.0392321777601006,0.9389516782450058,-0.8117762301699368,-2.158373271312902
Argentina,2023-07-01,2023,7,Restricted,4.81298001299404,0.7175422557959621,1.502357052096028,0.07409478041977519,1.6286155455712918,-1.3801014582148914,-1.7033824393551547,-0.05554769889661878,0.05316613588511197,-0.1262117478149212,-0.09046584594374664
Argentina,2023-08-01,2023,8,Restricted,6.6952209428368645,-0.03269474809409311,-2.0674421000398766,-0.08912003951278841,-1.3044695005048532,0.6696725488300385,0.36659824609684827,-0.9398797863273552,0.0029137572420062413,-0.032671250177470045,1.2260445154050532
Argentina,2023-09-01,2023,9,Restricted,9.973704128795982,-1.0592135218889516,-0.06267909727317188,0.9551423205012383,-0.9857260463355437,0.5040465155178444,-0.5302576183724408,-0.7928728322623442,-1.0116996612033022,-0.5064714920757131,0.7815554021928253
Argentina,2023-10-01,2023,10,Restricted,6.34782925946156,-1.035242322419374,-0.553649305347182,-1.1978778925888485,1.9647251329163893,0.03526355197172861,-0.6997255079925854,0.21397991073422196,1.2400938914985051,0.8381857169048196,0.42041170855873133
Argentina,2023-11-01,2023,11,Restricted,1.8818020643728643,-0.2209695995332226,0.6141667000434252,0.7575077100473051,-0.5305011476105275,-0.57581824064468,-0.275051697151644,-2.301921164735585,-0.1673861753324815,-0.20835378125396672,1.2211718196011898
Argentina,2023-12-01,2023,12,Restricted,4.707251862395966,1.3668742674445244,1.6449677135012837,-0.24903603955637832,0.5765569630557664,0.3112501545435361,3.0788808084552377,1.1195749114345768,-0.3404009541359102,-0.7667522828038327,0.6454987108501482
Argentina,2024-01-01,2024,1,Restricted,12.514256465417665,-0.9555404406004258,-1.6064463202575725,0.2034636358672231,-0.7563507452843033,-1.4222537095976742,-0.6465728842425267,-1.0815480036143952,-0.19441773226273096,-0.13155406988114166,0.8180296385944982
Argentina,2024-02-01,2024,2,Restricted,2.59585811310084,0.8816397569494505,-0.007972641316617375,1.4799441388900263,0.0773683076476183,-0.8612842013282637,1.5231240772696573,0.5389100436846587,1.3047775909097665,2.2541385509575087,0.04169455805418609
Argentina,2024-03-01,2024,3,Restricted,6.0974750838129115,-0.1903386780836082,-0.8756182533847574,-1.3827997309643363,0.9261775475316414,1.9094166404701305,-1.3985675738191412,0.5629692366905709,0.2632002728461208,1.933938864812553,0.5214094669738331
Argentina,2024-04-01,2024,4,Restricted,6.755287369564814,-0.4871253837646962,-0.5923939242388692,-0.863990769679816,0.04852162794482699,-0.8309501164110378,0.2704568257798388,-0.05023810944913695,0.42087183524943567,-0.23367220107068284,-0.0024376348553425205
Argentina,2024-05-01,2024,5,Restricted,7.77386658971834,-0.9075636620415979,-0.5767713305683327,0.755391225825756,0.5009171876243808,-0.977555244798551,0.09933230542922587,0.751387123371789,-0.6855656271845147,0.07503475196228133,0.3763827246565702
Argentina,2024-06-01,2024,6,Restricted,7.0485198413295445,0.543360192379935,-0.6626237589458467,0.5705986685931593,-0.7632591565425169,-1.804882100664519,-1.6275424378831627,0.048084946661381994,0.3100406023385139,-0.9286735481349974,-0.036701275831158335
Argentina,2024-07-01,2024,7,Restricted,3.611640776883145,-0.9043166251044086,0.6385924587773739,-1.6615200622689599,-0.06607979864731657,-1.2110161997624564,-0.6518361078021592,0.047398671316414016,1.5025402152543326,1.0830387704245998,-0.0031320946567389776
Argentina,2024-08-01,2024,8,Restricted,2.9535818320227882,-0.38455554422982535,1.0062928092144405,-0.5768918695231487,0.8356921120651418,-1.129706854657618,0.5298041779152828,1.4415686206579004,0.22184696684623587,-0.3056397226787224,1.204707525284434
Argentina,2024-09-01,2024,9,Restricted,9.737369944089227,-0.7968952554704768,0.57707212718054,-0.2030453860429927,0.37114587337130883,-0.6039851867158206,0.08658978747289992,-0.15567723539207948,0.16180590478283224,-0.017581656824815654,-0.057778963493624165
Argentina,2024-10-01,2024,10,Restricted,6.512233469794747,0.2544208433012131,0.3376026620752022,-0.4118769661224674,-0.48760622407249354,-0.4325581878196209,0.39445214237829684,-0.42098448082026296,-0.10479008505722334,-0.16246575168328045,0.2052746530858875
Argentina,2024-11-01,2024,11,Restricted,-1.7791971800529083,2.0754007986454384,0.8711247034316923,-0.32602353216784113,1.2012139221639448,-0.4080753730215514,-2.038124535177854,-1.008086310917404,-0.6766294990383442,0.6644765599566232,-1.210927311416877
Argentina,2024-12-01,2024,12,Restricted,6.887558650674767,-0.35151348404130867,0.0184183791895517,1.6764373122752827,0.32692737376416264,-0.21910052880886424,0.8294055811834892,-2.211135309007885,-0.589290320414732,1.3904464633053675,-0.7228806596111581
Argentina,2025-01-01,2025,1,Restricted,8.76287769017496,0.7708651938869668,-1.4785862457798415,1.143754043206929,0.3384964074944141,-0.4152879139008013,0.6327818661062848,2.270692857804396,0.8816801822757117,0.7237468178270889,0.7686213748900125
Argentina,2025-02-01,2025,2,Restricted,6.9803394044643685,0.24822058630033608,-0.4593608995402441,-0.8498443694647918,0.8303358165442456,-0.8560838259088672,0.07156623721939247,-0.4776574467651167,-0.21094886765259005,-0.060820163744682305,-0.3966160860881527
Argentina,2025-03-01,2025,3,Restricted,7.765512019575183,0.33366210528694845,1.0375399442578994,-0.5100163988547471,-0.26987493529337125,-0.9787637157823074,-0.44429326007611136,0.37730049304485197,-0.17017314537274295,0.22659684853945392,-0.1018239461466365
Argentina,2025-04-01,2025,4,Restricted,5.286983614539336,-0.9221653241776254,0.8696059201056602,1.355637858804951,0.41343490322370086,1.876795812558066,-0.773789199103573,-1.244654703311417,-1.2501222255323297,-1.0489779330391655,-0.5145836968104798
Argentina,2025-05-01,2025,5,Restricted,4.2348588332964034,1.496044311489183,0.6543656563540577,-0.05558467091045507,0.2799686263198203,-1.1254890472983765,2.4457519796168263,0.1292211819752275,-0.08315713072158458,-0.1359463189155953,0.03617787680902797
Argentina,2025-06-01,2025,6,Restricted,10.234183847130257,0.7257666238986923,0.4810092317367132,0.22388402427913137,-0.7904744554453119,0.4714683571359957,1.8820244964750337,1.3454200461549777,0.16248755244591803,0.42135521806273646,-1.0635201783295625
Argentina,2025-07-01,2025,7,Restricted,9.962295874080489,-0.5112156764311853,-0.9896048202585809,-0.12578692009964815,0.055724912288694604,1.0941915184709485,-1.6924646297148194,1.5295503194606137,0.06430424544493708,0.21288991314941857,0.08523405739308751
Argentina,2025-08-01,2025,8,Restricted,4.276089045574931,-0.42688106994742003,-1.0121043752601677,-1.6548566718657698,0.8231705839619146,0.07331796718840389,-1.2899608997410539,-1.295078772063616,0.7064269866956864,2.1347004013824544,-1.0660707490762862
Argentina,2025-09-01,2025,9,Restricted,6.879513260707669,1.669021525289393,-0.2595913513636048,-1.5031429531181062,-0.24574306408594407,-0.2727235697476702,-2.6968866429415717,-0.05429486651781221,-2.508777944341184,4.0538061526959694,0.013342586862224504
Argentina,2025-10-01,2025,10,Restricted,3.899718290604353,0.6962063648134184,1.8489560949453452,1.1265650295477574,-0.2688886905548305,-1.1065259087416701,2.5733598032498604,0.05921843401448826,0.7843217439473654,2.89905716278519,-0.01592316717886338
Argentina,2025-11-01,2025,11,Restricted,4.929523215593267,-0.024125087110003277,0.19808476076785533,-0.14436041192394275,-0.5736620068802363,-0.5468589412403921,-0.03275327021599839,-0.543424771133765,0.0034827075129010747,0.0047282755802377325,0.3117421447970287
Argentina,2025-12-01,2025,12,Restricted,4.9636771449393455,0.10643022769189683,-0.2549772174208552,1.5039929885826884,-2.650969808393012,1.0915068519224618,1.246085192497629,-2.0733902324081495,0.16007031622187193,1.8741033926931436,5.496494907130975
Bangladesh,2019-01-01,2019,1,Illegal,3.628379727471686,-1.4075116947178212,-0.7778166875908753,-1.1105758454658288,1.7522704434236227,0.9356783931474612,1.2715550949941588,0.7216720640432349,1.5631484903642858,-1.41215837467952,1.2645646276674802
Bangladesh,2019-02-01,2019,2,Illegal,5.936074281038364,-0.5245202662797737,0.48937456122791806,-1.2221278088919454,0.7129984301723881,-0.24032539815813486,-0.37482080754959723,0.7109599682034917,0.6410308037479195,0.4580789322576988,0.5069133412445005
Bangladesh,2019-03-01,2019,3,Illegal,1.7819120383674587,-0.3609661658190799,1.159329803364248,-1.0810633275998973,0.6159356069442637,0.5931012579683838,-0.3095464393139903,0.326133022242118,0.39022728437135085,0.33463930373148204,0.200876940999266
Bangladesh,2019-04-01,2019,4,Illegal,3.268089339231553,0.924027019206901,-0.18490213644298903,-0.5227230205190395,1.0490092258368893,-0.7043436905427592,-1.4084612963635597,-1.5566291735239037,-0.48301019452103583,0.736235143119322,-1.632918364233427
Bangladesh,2019-05-01,2019,5,Illegal,1.1375505404862873,-1.280429352496283,1.7547941819843647,-2.081929407883722,1.6964563682900382,0.2110174672026184,-0.09671311187039239,-0.5449190868089495,2.6657635236795243,0.2013498717309182,-0.9244314550198346
Bangladesh,2019-06-01,2019,6,Illegal,1.508623668694181,-0.03763470242484838,1.103301882016522,0.11422764866203965,0.1503017614618776,-0.36361221221385587,-0.056945623721067457,0.3078017688920592,-0.004298923566085992,-0.0065047646992508045,0.046263148045558256
Bangladesh,2019-07-01,2019,7,Illegal,5.428324710202617,-1.348185422105713,0.743264094022715,0.17086543812794186,-0.18398333635267913,0.01843393306539316,0.34758170536167105,-0.5397596803093615,-0.2303582928257969,0.05938970037187912,0.09930678681197182
Bangladesh,2019-08-01,2019,8,Illegal,8.416220038157084,0.19584525509768155,-0.978372777615032,0.40825275571447184,-1.7025836042378404,1.0291556373256436,0.472597482413043,0.25602973431387566,0.07995436508723221,0.19293922453884643,-0.4359120278401751
Bangladesh,2019-09-01,2019,9,Illegal,4.965325299835974,1.6654744444625766,1.0143700650181304,-1.8408742313316453,-1.2795769667357015,-0.6248185776956788,0.026091050210833786,0.517659020469123,-3.0659289877525446,-0.04803034200150401,-0.6623845592152549
Bangladesh,2019-10-01,2019,10,Illegal,6.734649844324976,0.18676676447707832,-0.7553829323533225,-0.6115178029919482,-1.4066610968482223,-0.9232332461109043,-1.3516846056163336,-0.9758732529773327,-0.11421120148493757,0.8265792003645384,1.3727229404179375
Bangladesh,2019-11-01,2019,11,Illegal,5.521032583974865,-0.949398888831943,2.632382064837391,0.4933179008808892,0.1848361236948739,-0.8583577801812133,0.7003098794089911,-0.5756378262377739,-0.46835546693722285,0.3454753996761922,-0.1063986644539335
Bangladesh,2019-12-01,2019,12,Illegal,-0.15394837567064457,2.5600845382687947,-0.09605989972464987,1.1492733262856758,-0.7031764251258874,-0.0349884904969617,1.77080063563551,-0.6269670577877674,2.942236872868706,2.0351339367056114,0.4408684543668979
Bangladesh,2020-01-01,2020,1,Illegal,2.2991047039855372,0.7077519354554754,-0.5624667758942676,0.6324077390555208,0.9725544496267297,0.6218099622171964,-1.5702247198904564,-0.7271371758248686,0.4475878013135661,-0.9930222649150121,-0.7071804958374897
Bangladesh,2020-02-01,2020,2,Illegal,8.281462010996808,-0.07443342910004629,0.620672097550678,0.17770100093325383,-1.3353443587101013,0.3801978510059632,0.6105857452838231,0.5597904479310398,-0.013226894853972607,0.10850169809251214,-0.7475130167045148
Bangladesh,2020-03-01,2020,3,Illegal,1.76502089473823,0.8339221545489041,0.4591800792284367,-0.070165711458647,-1.660960933515991,0.42961821913258585,0.20768768716311115,0.2715788371953735,-0.058512741275051634,-0.014572554331000602,-0.4510818389512149
Bangladesh,2020-04-01,2020,4,Illegal,6.2752498467168705,-1.0810565404082624,1.0531528533329035,-0.03955515385665504,0.6815006973726244,0.02831837613045931,0.029756139495743236,0.9382838059759977,0.04276135778359204,-0.0011770086759342133,0.6394410681060827
Bangladesh,2020-05-01,2020,5,Illegal,5.106985636363141,0.09612077694098344,-0.46227528870504275,-0.4344962274323156,-0.30917212346863937,0.22213377163371276,-0.4787486216634771,1.2557561255735208,-0.041764114958720414,0.20801447000120174,-0.38824478790231676
Bangladesh,2020-06-01,2020,6,Illegal,8.926444303840253,-0.18687164416135904,-0.4397310582741749,1.4469778843537329,0.19655477651157463,1.0318445394686349,-1.485560373036972,0.26705026586925884,-0.2703991363143069,-2.1495730056567797,0.05249000532528876
Bangladesh,2020-07-01,2020,7,Illegal,6.1694639771460995,0.08228398927542419,1.0654803750653512,-0.5172884501003722,1.40934744018558,2.2988981236192503,-0.36283856043965906,-0.4455025214007718,-0.04256455728035982,0.18769219656648145,-0.6278678381323992
Bangladesh,2020-08-01,2020,8,Illegal,0.9513601186412863,1.5795721457307124,-0.5228600271532683,-0.42018681709585753,-0.2817846088605074,-1.344450511034277,-0.9186519464841982,-1.0041407667520679,-0.663715392287862,0.3860054374121093,0.2829514132001214
Bangladesh,2020-09-01,2020,9,Illegal,7.446258097106222,-0.034684887386781105,0.23421473253652023,1.5505004928140769,-0.998354040738791,0.9843223984765838,-0.21398884422550896,-0.049463709652432936,-0.05377893498640486,-0.33178980842836636,0.04938229440143676
Bangladesh,2020-10-01,2020,10,Illegal,5.382214037016989,-1.1227220215622986,0.3824097461840506,0.16645220821305598,0.4924512640081488,0.2891686439078181,2.4553001399108942,-0.637739984251316,-0.18687955969847087,0.40869013011399363,-0.31405586135309743
Bangladesh,2020-11-01,2020,11,Illegal,5.5041771887088045,-0.6231405264247644,-0.5554771191602547,-0.6373871273065177,1.1890165311075518,1.4205042479898549,-0.5707462937494763,-0.8323555731042287,0.39718175004615175,0.3637863405938206,-0.9896845361804283
Bangladesh,2020-12-01,2020,12,Illegal,5.001298522165561,-0.5522230442809716,0.6329318177555111,0.2029230208512997,-1.515744114997232,1.5475052013300616,1.7958776730955217,-0.612788690484386,-0.1120587683291958,0.36442492250394615,0.9288308513385684
Bangladesh,2021-01-01,2021,1,Illegal,0.7693714819247257,0.28586539072490513,0.33445678998702516,0.6585442726728304,2.0102045387663496,-0.1769472274940494,-0.7982972445384537,-1.3793192280145272,0.18825501581726714,-0.5257140782813007,-2.7727137725625
Bangladesh,2021-02-01,2021,2,Illegal,5.731236431626853,-0.033126972873797095,1.7945578635177877,-0.5176112990361714,0.2237879516388985,-0.016422896072752075,1.188393273448084,2.5269324258736217,0.01714689546234213,-0.6151257860353109,0.5654970315161705
Bangladesh,2021-03-01,2021,3,Illegal,8.552750892530103,-0.48943944251822213,1.044160877069072,0.6818914896263114,1.8467073257360336,0.5839281853259639,-0.35929209078705954,0.5906548306923093,-0.3337445905406219,-0.24499821899773994,1.0907666028208642
Bangladesh,2021-04-01,2021,4,Illegal,2.2811440313532376,0.8204821811973643,0.5072740311072979,1.066674689589154,1.1692955904456728,1.3821589910375272,0.6487098875896427,-0.16711808031685435,0.8751875759421305,0.691962417978097,-0.19541043439824357
Bangladesh,2021-05-01,2021,5,Illegal,3.577708563866801,1.2065089665083568,-0.8169356709872361,0.3686733088729012,-0.3933388123273607,0.028744822934817487,1.2784518626072987,0.19109906801990334,0.4448076528674602,0.47133107842215644,-0.0751666804518143
Bangladesh,2021-06-01,2021,6,Illegal,11.562514502442994,-1.3598561409799192,0.7462535660272207,0.6454841811410754,2.16325472330546,-0.30777823495300055,0.21915032766393877,0.24938368371075526,-0.877765627630086,0.1414580697989559,0.5394804317026063
Bangladesh,2021-07-01,2021,7,Illegal,4.74273325850942,-0.0952955323869521,0.27902152577033923,0.6078965097165392,0.1866091231563581,-0.44643361455052827,0.19408999289830758,1.073631749859772,-0.0579298215296076,0.11798662925378905,0.20034947943415846
Bangladesh,2021-08-01,2021,8,Illegal,7.951603019684075,0.132969674146876,-0.7001208149391732,1.1950466289248425,-1.5231869047837747,-0.5589218472715883,0.37721187506452086,1.5655240292343404,0.15890496083845893,0.4507857796862745,-2.3845857004540787
Bangladesh,2021-09-01,2021,9,Illegal,4.005432260074732,-0.5551995266931983,1.88115706944059,-1.448013900416244,-2.198805956620082,0.4400144500533324,-0.5020542243526112,-1.0212328171307132,0.8039366321562706,0.7269814956252765,2.245492801402919
Bangladesh,2021-10-01,2021,10,Illegal,4.9832766187490165,0.24380071377119883,-0.5640786307367284,-1.2803043986708944,0.8724573282801447,0.650201177958661,-0.09917586377938291,1.8466369960476658,-0.31213912624036955,0.12697529463872936,1.6111119798750186
Bangladesh,2021-11-01,2021,11,Illegal,9.677530959280052,-1.5255251709247388,-0.6919080698812444,-0.045586016355497805,0.24333944932269183,-0.24123605785632987,0.3520553965142968,-1.2515394241904443,0.06954261539249873,-0.016048803063542,-0.3045489142881415
Bangladesh,2021-12-01,2021,12,Illegal,8.094752788519108,-0.08215117839256883,1.1172958315881278,0.34272534637770413,0.4567532191537839,0.5697672802322037,0.4477085600173148,0.6427227598675439,-0.028155291069929717,0.15344107130819734,0.29356568959290513
Bangladesh,2022-01-01,2022,1,Illegal,1.0558607902827202,0.19652116970147013,0.7090037575885123,-0.08973569428722672,1.4401172154494728,-0.6763923020592697,1.8009404329108156,-0.04015795064434341,-0.017634963605299325,-0.1616086401171907,-0.05783215606008919
Bangladesh,2022-02-01,2022,2,Illegal,0.4832496334432195,0.12810441491078928,-0.6810516574748808,0.8406435489887243,-0.6526239793023911,-0.4461834332147797,-1.889540730945531,-0.4523063192490767,0.10769014999172995,-1.5884302260207994,0.29518594993195013
Bangladesh,2022-03-01,2022,3,Illegal,7.308430095586659,-1.5839028234857233,0.7604146561442974,0.7858001586508322,0.42545756178496474,-0.966976143129213,-0.047711356141979855,-0.003602539090568403,-1.2446310899825825,-0.03749159122581413,-0.001532727497708257
Bangladesh,2022-04-01,2022,4,Illegal,0.6781106907043848,1.5033983017671506,0.8773622905756714,-0.22096417382966393,0.02688583899453078,0.20838280794755248,-2.0417348684242906,-0.24717738252059693,-0.3321971636868982,0.451150258380591,-0.006645571309538315
Bangladesh,2022-05-01,2022,5,Illegal,14.013018328144343,-1.0016200098949155,-0.2811002928859549,1.7976865268495226,0.6408428612670098,-0.5711789897827968,0.5725827813561586,1.3993554365860021,-1.8005987968109751,1.0293243515499924,0.8967669419113193
Bangladesh,2022-06-01,2022,6,Illegal,5.890422919910481,0.05963036992017413,-0.6469367777055739,0.69822331361359,0.3934853854217497,0.8951932200277323,0.6351718016819695,1.0495527153193351,0.04163531447766813,0.4434917600842988,0.4129836547078725
Bangladesh,2022-07-01,2022,7,Illegal,-2.0660278887465084,1.3173940656343257,0.19759960469239965,2.0752608726252655,-0.6891878180895679,1.7359638031652493,0.1979107834626478,-0.6514180036144483,2.733936358239637,0.4107165051906444,0.4489493525753039
Bangladesh,2022-08-01,2022,8,Illegal,9.115004011972498,-0.32034730819432017,0.4241659464019164,0.5228354880354996,-0.573700003938579,-0.02435459226098284,2.1422703586118637,1.7275431701007113,-0.16748894122063598,1.1200549684488186,-0.9910915234908434
Bangladesh,2022-09-01,2022,9,Illegal,7.395420938462691,0.03800347816820029,0.1200313267182613,0.6135179727304166,-1.0227925651984056,-0.25737653742334515,-1.66858407387759,0.39922312260527926,0.023315816882458887,-1.0237063183356387,-0.40832244165597115
Bangladesh,2022-10-01,2022,10,Illegal,5.188604007246619,-0.4831864622993739,1.5739867632900326,-1.225765663002341,-1.46437488020982,0.22445181855997198,1.0470983026121545,1.6839276914578687,0.5922733743141477,-1.2834971451300135,-2.465901411460615
Bangladesh,2022-11-01,2022,11,Illegal,7.819645562885965,1.0786808334312956,-0.03850846950070721,-0.17262729994081963,0.8836599374866724,0.6523228784134196,-1.5763921569842494,1.4765403497258958,-0.18620975977315757,0.27212832170807566,1.3047595531353344
Bangladesh,2022-12-01,2022,12,Illegal,9.003842042351732,-0.6255627015095294,0.39580353343740904,0.4940301862827388,0.2606737658239071,-0.5503051538454201,-0.6716233679380516,-0.025554070991445278,-0.3090468579582862,-0.331802217574276,-0.0066612759174715045
Bangladesh,2023-01-01,2023,1,Illegal,2.3977980660978826,0.5436001545944323,-0.37061433208610595,0.7716987106483447,-2.8485426206300755,1.1487657003721035,-1.7397137787780996,-0.36244094140313216,0.4194955384087643,-1.342534879980219,1.0324284690481096
Bangladesh,2023-02-01,2023,2,Illegal,3.101850226725901,-1.2946814757209055,1.1608267873785192,-0.46770120131189136,0.3465038817307158,-0.04692057887918407,0.47704082722312147,0.07682189106025536,0.6055240815109199,-0.22311256796707232,0.026619083454272656
Bangladesh,2023-03-01,2023,3,Illegal,4.52452776619618,0.99626681944714,-0.4937565831613125,-1.556581898659751,-0.4281151609659125,1.5007597906343109,0.8502217421134929,-0.3486521344078592,-1.5507708973867407,-1.3234397736208219,0.1492632646431296
Bangladesh,2023-04-01,2023,4,Illegal,3.8868149283979627,-0.3216350512173826,2.076747983560841,0.38193545223155334,0.43004164719106963,1.0302834540318422,0.23878915902651351,-0.2590421458207031,-0.12284382874022985,0.09120204544078375,-0.11139891108064442
Bangladesh,2023-05-01,2023,5,Illegal,1.8636337991052487,-0.07160125941406395,-0.03722223650984159,0.7276295436369798,0.05194588580729943,0.7326400772155792,-0.08071658010858232,0.07863519031609059,-0.05209919171128836,-0.05873176834834548,0.0040847746165949
Bangladesh,2023-06-01,2023,6,Illegal,2.511518278705387,0.9163276747024814,0.3464884758979927,0.9980101098596522,-2.8962553781936893,2.0883747047807275,-0.13958962815517376,1.1081828167375165,0.9145042832972632,-0.13931186013041297,-3.2095804429978636
Bangladesh,2023-07-01,2023,7,Illegal,6.676588208304291,0.6127739050625697,-1.0534155631736561,-0.6237689606958051,1.9140313538667861,-0.19068240076334658,0.21743287317972287,0.8700677306887539,-0.38222934190238905,-0.13562787732441853,1.665336916525998
Bangladesh,2023-08-01,2023,8,Illegal,8.867956429494527,0.15041890514357628,0.3649610024662251,2.403415585238275,-0.05761879703358539,0.2010990467149675,1.050654396007612,1.1055259329579838,0.36151914093654897,2.5251591500638013,-0.06369907434647121
Bangladesh,2023-09-01,2023,9,Illegal,4.920359214844413,0.6387302220291846,-1.1430049127304835,1.633431532301096,-1.146345393018688,0.30263546523903323,-0.7542758500193579,-0.06413834659299263,1.0433220852961502,-1.2320579574748314,0.07352469813271297
Bangladesh,2023-10-01,2023,10,Illegal,3.087037285889955,0.32135721545027307,0.42192075423528475,1.613711269058647,0.45353430151397983,-0.24415663529064877,0.9640871682883576,1.1894704889246406,0.5185777599654132,1.555758327821763,0.5394656673659289
Bangladesh,2023-11-01,2023,11,Illegal,3.2493583698838946,0.597400069849858,0.7011727423108983,-0.297563503359992,1.3757068133116197,-0.15005558703252717,0.12557645347154262,-0.1730718242838696,-0.17776445769202767,-0.03736696943451525,-0.23809608785959085
Bangladesh,2023-12-01,2023,12,Illegal,8.339430053091569,-1.0962750868952018,-1.4400508825942944,1.5945050632249722,-0.8469613483183278,-0.9913923494563072,-2.153390113603715,-0.6389617476895023,-1.7480161767417957,-3.4335914392397213,0.5411759033469361
Bangladesh,2024-01-01,2024,1,Illegal,3.9211563737342687,1.642015160136369,1.0098170893426341,-0.6881503451777238,2.2524358053443088,0.9817654869915943,-0.32483138350862245,-2.4994057148735727,-1.1299532992348977,0.22353282868601612,-5.629750924263424
Bangladesh,2024-02-01,2024,2,Illegal,13.139170185984474,-1.389572466763596,-1.6453987469568918,1.0225704320096403,2.439752406339273,1.3842728185105182,0.5639091200523596,0.594754341665286,-1.4209357176471518,0.5766367925061174,1.4510533362586115
Bangladesh,2024-03-01,2024,3,Illegal,1.4078219636256897,0.7589285897867651,0.2811914239693758,0.10420110395187607,-0.06259312789952241,-0.7539645888666763,-0.28067507686677406,-1.6929568141953855,0.07908119687642143,-0.02924665286129553,0.10596746239929976
Bangladesh,2024-04-01,2024,4,Illegal,8.424203006669334,-0.9885911071509176,-1.1035893172157711,0.17989415115347845,1.3920022863445993,0.9183166060023132,-1.5705006036231774,-0.9896281365703375,-0.1778417580587918,-0.282523872974817,-1.3775646287368553
Bangladesh,2024-05-01,2024,5,Illegal,8.421914532609184,-0.9824873935383096,-0.2246331499970246,0.5500520990245519,-0.9683444548636353,0.1053755061459599,-1.3340254949182044,-0.6013676439512138,-0.5404192530809081,-0.733783523632025,0.5823310233545669
Bangladesh,2024-06-01,2024,6,Illegal,6.887106550878471,-1.5929937335316693,0.440474737960399,-0.019637798926681226,0.552489954417148,0.22391413406466143,1.3641404299738442,0.12522450264790727,0.031282890630558134,-0.026788715471582826,0.06918527975985232
Bangladesh,2024-07-01,2024,7,Illegal,6.471104626309975,0.12229750303228384,0.5432980290363882,0.04886007032570433,0.04059169120388238,-0.7019916878067556,-0.6629009175509484,-1.4026052717996935,0.005975464598815428,-0.032389385450513265,-0.056934120073830675
Bangladesh,2024-08-01,2024,8,Illegal,5.834664507694554,-1.243863235391285,-0.6929051977959073,-0.7184072655691974,0.8949243769444413,-0.2949496782920278,1.2477420726737338,-0.6734906242438685,0.8936003856795081,-0.8963869705651799,-0.6027231772793669
Bangladesh,2024-09-01,2024,9,Illegal,2.721081143946217,-0.8353470532597573,2.1451491277733883,-1.1875984190295128,0.3098207102270275,0.6337768809320985,0.41379909745149823,-0.1852876588777083,0.99205683979225,-0.4914271539292386,-0.05740595406979478
Bangladesh,2024-10-01,2024,10,Illegal,9.993690538738587,0.0438114719791096,-0.14700200162848862,0.9638791167949097,2.2105230015913513,-0.5574917850078337,-1.369802979579078,-0.0882820483512548,0.04222896291670909,-1.3203244861397174,-0.19514949850804858
Bangladesh,2024-11-01,2024,11,Illegal,7.553881730699377,-0.8036745679697308,1.6391168054440675,1.6777008140764407,-0.5535882417079946,0.5689830791852754,1.628396623128538,-0.3791277409874871,-1.3483254769353492,2.731962340262075,0.20988065951598697
Bangladesh,2024-12-01,2024,12,Illegal,3.724187954614409,-0.5816809139486437,-1.0147567306928669,-0.6492775450660071,-1.2239402667622565,0.03408346825922606,-0.7699732310586415,0.2337859117907477,0.3776723558203267,0.49992632922829616,-0.2861399912424251
Bangladesh,2025-01-01,2025,1,Illegal,7.0030088004330535,0.33088023221445706,0.8335289616089246,-1.9937356425714554,0.37405656984757213,1.2276689924732922,-1.2096410186912054,1.6725723868377034,-0.6596877123882829,2.4117044136811003,0.6256366898422778
Bangladesh,2025-02-01,2025,2,Illegal,4.73195174442745,-0.7050118557584089,-0.05576907765770601,0.5583269125217224,0.0760053914124115,0.5387559924463692,-0.9206735930793662,0.169360824036078,-0.3936270927168023,-0.5140368446642831,0.012872335720790657
Bangladesh,2025-03-01,2025,3,Illegal,3.358713233088252,-0.11122606134870032,-0.9039076414647897,-0.7355299425897666,1.2360931752104374,1.091310120594269,0.609138120907177,-1.092312764672579,0.0818100985182954,-0.4480393271000942,-1.3502003536070195
Bangladesh,2025-04-01,2025,4,Illegal,-0.5809735500183852,1.2130976999791834,0.14171691363990474,2.319329539981694,0.39331783939437187,0.1920491164900316,-0.3091164642025014,0.13354090478228192,2.813573330445571,-0.7169429467195554,0.052524020139736664
Bangladesh,2025-05-01,2025,5,Illegal,-1.3971670480795204,0.7081086766885905,0.9567023167945841,-0.7859894605079495,-1.331232953557778,-1.8362053731032966,0.5079913269125437,-1.1033666061738736,-0.5565659567714633,-0.3992758289827076,1.4688379859938674
Bangladesh,2025-06-01,2025,6,Illegal,3.0844827514079016,0.3885786045309641,2.4929995174327906,-0.006070911539893324,0.8384907744516419,0.08182935854756501,-0.09888965319114267,0.9190764829877686,-0.002359026334402674,0.0006003503367341567,0.7706371520007054
Bangladesh,2025-07-01,2025,7,Illegal,3.100613979339459,0.26739231407190295,0.3216978061960136,-0.6680904536430488,0.9920423495365228,-0.17495975669540864,-0.7557451594928447,0.5365098435704035,-0.1786422524089622,0.5049061264441128,0.5322404857650554
Bangladesh,2025-08-01,2025,8,Illegal,8.242691219647368,0.028181157369128247,-0.009118996644203544,1.085895565831578,0.4746982328799528,-0.025026958745143917,0.8177662992002871,1.3902075490173134,0.030601793827138266,0.8880087981880913,0.659929066854889
Bangladesh,2025-09-01,2025,9,Illegal,6.9661963548673995,0.010352619843380607,-1.3118362323501596,-1.0651136630753726,-0.30522470435466764,-0.6095122021592831,-0.186971302985446,0.056649924897107164,-0.011026716843809908,0.19914568941280375,-0.01729095657843366
Bangladesh,2025-10-01,2025,10,Illegal,5.416936473440013,-0.07049877805909122,0.4865016438262019,0.06447441481012024,-1.9754665663538713,-0.9393353938187543,-0.14408755572161547,-1.2096947428411076,-0.0045453674601884505,-0.00928996083657175,2.389711519976652
Bangladesh,2025-11-01,2025,11,Illegal,0.2651076934505533,1.5307508323436974,1.2187618516973167,-0.213442870930208,1.490726136849952,0.14866745720211172,-0.3370859711180397,-0.6134026635409398,-0.3267278523342443,0.07194859742573156,-0.914415382953856
Bangladesh,2025-12-01,2025,12,Illegal,4.163026643380146,-0.38817681854122876,0.1704162223754877,0.1605739810498646,0.0030460201534144695,0.43693816974634986,1.1906462747863413,0.9495541354413237,-0.06233109710443599,0.19118681236463383,0.0028923610333123247
Brazil,2019-01-01,2019,1,Legal,0.5012943023457113,0.9343199112392737,-1.366878698415421,-0.22476540189268354,-1.1701130260593595,-1.8019804375800197,0.541462728204788,0.7591551603026468,-0.21000279034603178,-0.12170208771485806,-0.8882973418703083
Brazil,2019-02-01,2019,2,Legal,8.995881701321196,-2.59104229214491,-0.5462444482524828,0.3918040054025465,-1.4789115687741285,0.1833599197791556,-0.015309849172995557,0.5792914996010884,-1.0151807482297708,-0.0059984602280885235,-0.8567209004525631
Brazil,2019-03-01,2019,3,Legal,0.11181562299517217,-0.9730689408815555,1.1965715016644913,-0.15852957302697002,-0.02730453950993186,-0.933267959073196,-0.4432822511915103,-0.8848027140269009,0.15426020372375893,0.07027334601182421,0.024159130663642458
Brazil,2019-04-01,2019,4,Legal,1.8642122459585333,1.7117084801423437,-1.3719011429313563,-1.6135613978767411,1.4711703274936085,-0.20932367715186612,-0.6690727386599166,1.0399046873960764,-2.761946727975952,1.0795899434733145,1.5298769195186244
Brazil,2019-05-01,2019,5,Legal,0.5874652398581963,1.8260097135469362,0.6779258713392691,-0.48791140814570266,2.1573082132655035,-0.6057149230033384,0.742095372009307,0.2992925804064919,-0.8909309706244168,-0.36207679793547004,0.6456663418803511
Brazil,2019-06-01,2019,6,Legal,-1.1824191640639237,1.5615111967268527,0.032004149065766624,-0.7534178703461835,0.4599721429391164,-0.6777153697521061,2.013387247526623,0.13653533108273744,-1.1764704403596657,-1.5169219322136724,0.06280244882502849
Brazil,2019-07-01,2019,7,Legal,4.03850037360337,0.1846803058649084,-1.3471262895296965,-0.9716140385106515,1.2004139079444254,-0.6568942789713957,-1.0469109826819396,0.5366527525272862,-0.17943797781478601,1.0171934078447542,0.6442054278704122
Brazil,2019-08-01,2019,8,Legal,2.196172721114842,0.7189533106650667,0.9960476858058164,-0.7567950885694608,-1.4218106667418438,1.5013336519554867,-0.32267983884213575,-0.25083301645504735,-0.5441003344220762,0.24420251721611344,0.35663705836681875
Brazil,2019-09-01,2019,9,Legal,2.203767355368054,0.5562300094006599,0.45588777208160763,2.165002344901084,-0.643518230380143,0.9278401280812372,0.05701312489708459,0.26859227886325737,1.2042392746567807,0.12343354909232651,-0.17284402798785328
Brazil,2019-10-01,2019,10,Legal,1.0755348578029125,0.5078357562896237,0.538296079049633,1.0725073373098022,-0.3649527295428853,-0.8392096673390064,-1.0448091940210336,-1.9663565893760018,0.544657574768894,-1.1205655266762993,0.7176272045474104
Brazil,2019-11-01,2019,11,Legal,1.3378525195805901,-1.1032083657216831,-0.221253623585772,-0.27681329988892067,0.3074066978091007,0.8157372125392965,0.8604734883597454,-0.5830774385689385,0.30538274818048233,-0.2381905057797919,-0.17924190995746614
Brazil,2019-12-01,2019,12,Legal,2.1421496490179837,0.28257995048829965,-0.24869112618354708,1.6073455760199926,0.49097495163825133,0.7348777860498175,0.6628812686674127,1.173473857485325,0.454203633289317,1.065479274619086,0.5761462704276097
Brazil,2020-01-01,2020,1,Legal,2.2208571904933723,-1.2968319479558466,0.3996879517526416,-0.651356893791829,-0.5286166817497568,0.5863640187550933,1.2382830714336357,0.02127157673606165,0.8447004293905271,-0.8065642150440185,-0.011244510309802232
Brazil,2020-02-01,2020,2,Legal,-5.075376291026338,1.702214944635238,0.24075317948856825,2.601683114180395,0.5655096456315442,-1.7607627591558177,0.7533416211045325,0.38115838488277776,4.428623878163014,1.9599561748369472,0.21554874316455136
Brazil,2020-03-01,2020,3,Legal,4.632703374970465,0.6731813512699585,-0.13845598398377382,-1.2242982362893657,-0.2090232572860252,-0.8505204542092998,-0.5805234498047227,0.5885784044206096,-0.8241747410627022,0.7107338357205402,-0.12302657526020727
Brazil,2020-04-01,2020,4,Legal,-0.9776600741004633,0.3946715298229811,-1.1958830620351844,0.4446026682201407,1.196631486645651,-0.6097829043193822,-0.1340171666729177,0.014688194729197093,0.17547201522982223,-0.05958438989008252,0.017576356294939935
Brazil,2020-05-01,2020,5,Legal,2.842543192041288,0.648280433843859,-0.12094814860778157,0.41953244390702776,-0.8874921778021001,-0.43745830032341043,0.7223813578277714,-0.372833152091767,0.27197467474762244,0.30306241648236204,0.3308865061067439
Brazil,2020-06-01,2020,6,Legal,3.2231998054162903,-0.39963618561460235,0.22468472575188592,0.9325908318730899,-1.4183657329330317,-1.7608088119807759,-1.5256563145700948,1.262584103427182,-0.3726970427889106,-1.4228130915573571,-1.7908060272470898
Brazil,2020-07-01,2020,7,Legal,-0.9164541191151518,2.5581992856682523,-0.5642475986573886,0.18455130319703697,1.5421099525678756,2.006092888159123,2.061503576636398,1.2083662305931424,0.47211901200780504,0.3804531716136,1.8634335905446135
Brazil,2020-08-01,2020,8,Legal,0.6445316689424161,0.5925269492011831,0.7783610761666377,-0.5511857163285334,-0.8181988834223072,-0.0033744574109520514,-0.17018462252492844,-0.4532280493272752,-0.3265923909394146,0.09380333307450375,0.3708306838952469
Brazil,2020-09-01,2020,9,Legal,-4.478201284523588,0.9553052085705108,0.08840688629184734,1.4775300810552616,-1.141689114133505,-0.19365945927971812,-0.7168223206028049,-1.86653661707306,1.4114921822517004,-1.059126541462483,2.131004536843891
Brazil,2020-10-01,2020,10,Legal,0.9722178188802657,-0.12174750838328353,1.513449743242131,0.6308116845547775,-1.024186824329205,1.8540925663341883,1.221033695525353,0.5820977034686158,-0.07679975085360599,0.7702423223724932,-0.5961767983648448
Brazil,2020-11-01,2020,11,Legal,3.2549304465340665,-0.9594392367234795,-0.3722067760710529,1.0887486197041858,1.8845863059346086,1.5432435282721888,-0.4888494217862741,-1.1196174332890112,-1.0445881446727259,-0.5322341332129953,-2.1100156826621257
Brazil,2020-12-01,2020,12,Legal,0.5592870892018325,-1.7684393655628516,0.32316771418478146,-0.14760258629866868,-0.46603650186824225,-1.5947030672667954,0.5136001065697166,-0.5327008396619114,0.2610262240694537,-0.07580870405296201,0.24825803585831258
Brazil,2021-01-01,2021,1,Legal,12.493328191169347,-2.8722622132816493,-0.027514905050636255,1.772251596669744,1.66125921454787,-0.45709625658627184,-0.6022120603617805,0.46877425607502377,-5.090371293542576,-1.0672712855099418,0.7787555524474561
Brazil,2021-02-01,2021,2,Legal,-1.6671363433829098,0.30179189981946597,0.7660802783846903,1.2269332238843076,-0.10015407647995278,-0.20367375017696587,-0.877982586756561,-0.82688035403986,0.37027850858766737,-1.0772260056835112,0.08281543821827858
Brazil,2021-03-01,2021,3,Legal,-6.480231743498415,0.3673655068161781,0.9135846262332494,-0.8031789506803448,1.4926885689595217,-0.2711236010425688,-0.021367294348436157,-0.7472116791478234,-0.295060242280771,0.017161761053655016,-1.1153543320570058
Brazil,2021-04-01,2021,4,Legal,-0.020817305195364177,0.8840453963610497,0.7368438970924334,-0.2813275571182134,0.06699071722487192,0.5159392177040995,-1.5625458568865427,-0.5290526773462948,-0.24870633173985682,0.4395872088030765,-0.03544161830516704
Brazil,2021-05-01,2021,5,Legal,-0.361988819247298,-1.2542894231692494,0.2935579321666293,-1.356581804623405,0.46642998243352635,-0.03564148229748357,-1.6151318159055095,1.1647393544571714,1.70154620920299,2.1910584335257735,0.5432693566390953
Brazil,2021-06-01,2021,6,Legal,5.555054320926079,-0.8102524370143808,0.20056919723094285,1.1486373494287152,-1.015821818978397,0.06167984984797165,0.42881650033057295,0.6931056072631441,-0.9306862116203554,0.4925546483310071,-0.7040717987141735
Brazil,2021-07-01,2021,7,Legal,-1.1054970050987016,-0.3670278390833223,-0.8275902206487197,0.08614388304637476,-1.072139011985607,-2.9213504834946074,0.4365598041576678,0.9039348410861953,-0.03161720324475737,0.037606956712106406,-0.96914380742152
Brazil,2021-08-01,2021,8,Legal,6.567222962135393,-1.0097307047099375,0.6191542610051978,2.0574954697116987,0.020793707675407887,-0.7280029412291342,-0.18289644110484016,1.3748764191481848,-2.0775163505694976,-0.3763085989996011,0.028588778349578924
Brazil,2021-09-01,2021,9,Legal,0.22120562406235056,-0.7991920066502536,-0.4827435221820324,-0.9533286082587124,0.12267031599479553,1.6246784584695606,0.3230792731160291,-0.2523535021262876,0.7618926034313739,-0.30800071379694044,-0.030956283848225005
Brazil,2021-10-01,2021,10,Legal,1.1733573981761363,-1.563190808696657,0.883109777147159,-0.07783719701280203,-0.18047991359062565,3.193107567844861,0.29875290836568624,-0.7517910500951843,0.12167439094512303,-0.023254088986607514,0.1356831837593846
Brazil,2021-11-01,2021,11,Legal,0.7736764413522085,1.1484457091967548,0.11327041053776446,-1.4382779783173667,0.9192289345752035,-0.668144085538994,1.8732977762175456,1.0800480657146485,-1.651784172830763,-2.69432293836459,0.9928114327368858
Brazil,2021-12-01,2021,12,Legal,-2.3377041825842584,1.2810163617351127,0.06785551052740331,0.8527736751222197,0.48473281729447476,-0.8463566549908735,-0.6435498323174619,1.0299608175811612,1.0924170306885468,-0.5488023556296502,0.49925580880903686
Brazil,2022-01-01,2022,1,Legal,3.629852471834075,-0.4036484632419967,-0.955122579349353,0.42359906559346105,2.062524919243145,-1.0675329142542729,0.02421945667275807,1.4122205554154292,-0.1709851118575463,0.010259339215761634,2.9127400870117177
Brazil,2022-02-01,2022,2,Legal,5.025141725517797,0.4523717962497342,-1.0623935281468797,0.4283070972076486,-0.18714426500454878,0.985729995679863,1.187386051564751,2.5895636420186134,0.19375405091033351,0.5085658730105498,-0.4846219844680759
Brazil,2022-03-01,2022,3,Legal,-0.3325339927404065,0.32579631658216646,0.19438430157733602,-0.35316629281068834,0.33848384346169114,-0.29540141013902943,0.1684609762696143,1.3175975356079597,-0.11506027733870111,-0.05949473847240902,0.4459854779882346
Brazil,2022-04-01,2022,4,Legal,-3.3164456334246055,1.1398785611290454,1.3171150673398653,-0.11806852699107874,-2.1218548990085946,-0.6078219870944325,1.2969945465611092,-0.022868062298882122,-0.1345837826612167,-0.15313423562793227,0.048522710019716773
Brazil,2022-05-01,2022,5,Legal,4.040516875158345,-0.5047749212282174,0.840620026504553,0.5467335682013793,-0.23893209916969452,-0.36682441181468783,-0.3917581490438219,-0.9224101844985025,-0.27597739382167347,-0.21418733069869653,0.22039340167773241
Brazil,2022-06-01,2022,6,Legal,-0.1715547320945272,-0.3223204692113399,1.2171585208254965,1.5213160519224513,0.9983108981479604,-0.4316203127180484,0.40373009033660945,-0.024195606390916165,-0.4903513036743876,0.6142010670731853,-0.024154737547350046
Brazil,2022-07-01,2022,7,Legal,2.032945205953449,0.324359281721603,-1.1790397911598025,1.1876793884615637,-0.4646172972983931,0.2011596558728393,0.28328787154614216,-0.25890497370407733,0.3852348333569455,0.33645516603650016,0.12029172913949994
Brazil,2022-08-01,2022,8,Legal,-0.18352381521124816,-0.47490365662252443,0.8712972974572442,-1.3459796802467485,0.12637957954641182,1.9389289990582848,-1.0003313246055747,-0.6777449705248515,0.6392106718887971,1.346425636433418,-0.08565312441462601
Brazil,2022-09-01,2022,9,Legal,1.252592436766316,0.17958178193959795,0.3506300992735592,0.4891871301476635,0.6347214685617699,1.1096998419562232,0.40981865692851255,-0.24125765461854246,0.08784909653383544,0.20047801266382892,-0.15313141284124954
Brazil,2022-10-01,2022,10,Legal,-0.43323648067456233,1.899881934895215,-0.13263374638257355,-0.9745293046706415,1.1070806692869728,-0.12038116395359824,-2.172669546014036,0.8474216771504216,-1.8514906209697468,2.117330141956137,0.9381641575079778
Brazil,2022-11-01,2022,11,Legal,1.8781305243219257,-0.09053328230416077,0.3319803305690149,0.1904996797790666,0.7094518171390395,-0.43548637056984335,0.5131057981760827,-0.2595466775839172,-0.017246561288290465,0.09774649024532613,-0.18413586204431046
Brazil,2022-12-01,2022,12,Legal,1.7909565540477792,0.6153674840130534,-0.9354387020445952,1.085982116175032,-0.535963445114048,0.8080577982811451,0.3672873134013406,1.8381836767951223,0.6682780825138009,0.39886745385183003,-0.9851992561675216
Brazil,2023-01-01,2023,1,Legal,1.6336601960848331,-0.3493167961181975,-0.019419605887732585,-0.30317978283427505,0.7999419019420501,-1.616310608436588,-1.0536824191463543,-1.067802921579193,0.10590579038747985,0.3194552070130853,-0.8541802999873375
Brazil,2023-02-01,2023,2,Legal,0.4672448590682323,1.7106133725819253,-0.1044492185374715,-0.16882172319001063,0.07005216311318137,1.1618783026081902,-0.9273531341905741,0.23836898273478513,-0.2887886972711563,0.15655735411970986,0.016698262859660282
Brazil,2023-03-01,2023,3,Legal,-0.8579126008055944,0.501094169939845,0.1895816165987434,1.0010460925671412,-2.703232292999237,0.6778753195309076,-0.6540756831274238,-1.830632896856457,0.5016183608264568,-0.6547599068378912,4.948625963409116
Brazil,2023-04-01,2023,4,Legal,-2.508713478634213,1.3736585451629577,-0.13744851462769184,0.9528745472029384,1.6122782579886454,1.3149144535840473,1.639964529371393,0.7421274910718922,1.3089242642336005,1.562680458353646,1.1965160185108745
Brazil,2023-05-01,2023,5,Legal,1.6820674988767685,-1.6019658118971685,-0.24606248812994846,-0.8432465953161914,2.1709427174978138,-0.1758858124323366,0.12320480678448571,0.5514853760404677,1.3508522166952257,-0.10389203384760677,1.1972431609215965
Brazil,2023-06-01,2023,6,Legal,-2.820348391266656,1.695051040430753,-0.622649361734452,0.1946074552372427,-0.7424705856980482,-1.3200225112207058,-0.6117690909052854,-0.03703679704841202,0.32986956947546947,-0.119054825973879,0.027498732396914218
Brazil,2023-07-01,2023,7,Legal,1.0873155851906864,-0.692420979873856,-1.4063174636718339,-0.08310557262869477,-1.5047203740310022,0.7600559636896026,0.08243975293450329,-1.4575514994649306,0.05754404203253873,-0.006851202874990015,2.1932074374443187
Brazil,2023-08-01,2023,8,Legal,5.865692954514223,-0.7521564055905832,0.31917451041918043,1.3404504460231446,-1.8751724696457446,0.11502607914741717,-0.16013279556664034,0.6713400764504653,-1.0082283893530624,-0.21465007724023608,-1.258878429129782
Brazil,2023-09-01,2023,9,Legal,-0.5596592597878578,-0.7519693317388191,-0.31905393566661816,-0.796025856803489,1.0760071385985983,0.02131164867194222,1.9011906857530074,-0.060660813814620775,0.5985870315873405,-1.5133969445733506,-0.06527146869773243
Brazil,2023-10-01,2023,10,Legal,0.676278846123104,-1.5137143926128271,-1.803139676255945,-1.5841359430054898,0.2671266510114834,0.5087250232299338,-1.5811907020321334,0.8950383140761154,2.3979293767827032,2.504821023835186,0.239088587366117
Brazil,2023-11-01,2023,11,Legal,-1.5440482878494675,0.14679301198554937,1.6122206282554243,0.8968393158655319,-0.2685306479058323,-0.8911922254152874,-2.151815401329305,-0.7191533192424201,0.1316497444429609,-1.9298326523970888,0.19311470675979692
Brazil,2023-12-01,2023,12,Legal,1.3224888365762375,-0.9871795271511837,-0.13125696709230472,0.07685188295876821,-0.22485598180807856,-0.6500025808234597,0.16865467196672768,0.44194064956940904,-0.07586660547991492,0.012961429110436401,-0.09937299865982946
Brazil,2024-01-01,2024,1,Legal,-2.7036524046242683,1.41093237974627,-0.09858813228426173,0.018849622944847662,0.7082144232565574,0.23321613126350177,0.9531366339132451,0.2871241652018242,0.026595543358893806,0.017966266164185972,0.20334547506143044
Brazil,2024-02-01,2024,2,Legal,-2.319083135125897,0.36150352520610163,-1.1437262073206618,0.10855970577652314,-0.0332299906444608,-0.2081168572725397,-0.12853751143893075,-1.881849045497639,0.03924471633355031,-0.0139539944230568,0.06253382617617403
Brazil,2024-03-01,2024,3,Legal,-0.8143447650307976,0.09284490114111471,0.15985639199740037,-1.0276751409259581,1.2657078408647005,-0.8661748482145006,0.9694572005267368,0.42719436187168486,-0.09541439686445172,-0.996287065172999,0.5407032533941838
Brazil,2024-04-01,2024,4,Legal,-3.5707143037954125,1.7753108926095116,-1.19363683175648,0.9191541736100015,1.0005823180429783,-0.6706202090766449,1.3924653000643288,-0.2500465145989528,1.6317844163973299,1.279890292161231,-0.25019212119598755
Brazil,2024-05-01,2024,5,Legal,0.3573666047362227,0.2603218387712207,-0.1343087414705478,0.8108082731597821,0.793488720552213,-1.7485319732381808,1.3043402428781525,-1.6624919880356743,0.2110711005598727,1.0575698599408456,-1.3191686405147323
Brazil,2024-06-01,2024,6,Legal,4.0456606541643465,1.1267051368275833,-1.0909664302151982,-0.4108142879545848,-1.1057046684859357,-0.21492103028873533,-0.30803428418574125,0.7796605322693398,-0.4628665685205967,0.1265448851233655,-0.8620742903644386
Brazil,2024-07-01,2024,7,Legal,-0.8971997848819453,1.3956838107899563,-0.5621680265783021,-0.20922187374452778,-1.68343819222095,-0.8058700664961886,0.9648516330974576,1.6155828235482317,-0.2920075820483776,-0.2018680665621177,-2.719733827857253
Brazil,2024-08-01,2024,8,Legal,3.656226927105561,-0.5924642591528942,-0.026405756958926992,0.28016115881960635,-0.8096035199216461,0.4240610444640897,-0.47383934707091613,-0.014452270878279104,-0.16598547340347442,-0.1327513805697135,0.011700609373915863
Brazil,2024-09-01,2024,9,Legal,4.21000415018651,0.0064222698109378164,-0.4363858905265686,-0.10960980392583083,-0.08836295920533539,-0.37001102988212803,-0.25879606266710237,1.598647170504717,-0.0007039437347356768,0.02836658568571812,-0.14126119471103316
Brazil,2024-10-01,2024,10,Legal,-2.301758594348155,-0.29548031802916036,0.6969544045107356,-0.33381948975600995,1.1731246375866413,0.3696421921980939,-0.10730214400422883,0.44771692581027733,0.09863708899743785,0.03581954696121757,0.5252277563325868
Brazil,2024-11-01,2024,11,Legal,0.5340027620284595,-1.1267674689098053,-1.1939250063990554,0.14294309476370676,1.732514999485092,2.2313001461926323,0.6380511014407572,0.5008444749444569,-0.1610636290850363,0.09120499905733362,0.8677205652505069
Brazil,2024-12-01,2024,12,Legal,0.46915297039150206,-0.5426737997340217,-0.7877837519082389,-0.620847598251116,-0.16814381858478955,-0.4720905776971272,-1.9792998103757877,0.7479102561175338,0.3369177251986745,1.228843533490697,-0.1257564864223301
Brazil,2025-01-01,2025,1,Legal,-0.37815449700600867,0.23924686411114954,2.0740826697499735,-0.9193845915864234,-2.5302875227463297,-0.2860042218801108,1.100959634998571,1.9583474542205939,-0.21995988044916176,-1.012205324376299,-4.955182128616408
Brazil,2025-02-01,2025,2,Legal,2.299875256215916,0.4966992232365217,-0.46531045678005334,-0.10594835430413566,2.6443433470170348,-1.5029703283951532,0.25373966149457344,0.4676931717654332,-0.05262446528605197,-0.026883299557038515,1.2367413272032186
Brazil,2025-03-01,2025,3,Legal,0.6309859940378885,0.09798315347089544,0.30805053950410216,-0.3916485674217908,0.26912694124510733,-0.3431922754974105,0.6215718898560508,-0.36961033604363397,-0.03837496168834567,-0.24343774021177747,-0.09947209919199945
Brazil,2025-04-01,2025,4,Legal,-1.310150211587285,-0.029262813684978354,1.1260502507721681,-0.05139372358848624,-1.7730324682068814,1.2619215007139917,-0.9057323008626189,-0.6537663386488198,0.00150392495794715,0.04654895551569709,1.159148945045093
Brazil,2025-05-01,2025,5,Legal,-4.232628437574004,1.3744380931708173,-2.135674213978696,3.1377485336599946,1.0560568090660518,0.22323891412915967,-0.05489400061628639,0.28555407485765694,4.312641111453171,-0.17224356994048345,0.3015613251099857
Brazil,2025-06-01,2025,6,Legal,1.8978196310612063,0.6452155859500572,0.5556044660034485,0.08958068125524882,-0.1973384203073261,-0.1512732836535117,-0.194908280352681,1.1337700968670645,0.05779885174591067,-0.017460016536282194,-0.2237363999074306
Brazil,2025-07-01,2025,7,Legal,6.259410393305736,-2.9403886346642802,0.655900776529761,0.19473619471877485,-0.018708756445897416,-0.38851845308888583,1.1241127199860135,0.9475264621228578,-0.5726000937088558,0.21890543352504793,-0.01772704180589939
Brazil,2025-08-01,2025,8,Legal,3.384050400828822,0.4070522871245351,-0.9716567345412859,-1.3796181647889303,-0.6267172245899651,0.8623934723827588,0.9531250453760867,0.513085420097293,-0.5615767293358879,-1.3149486259161225,-0.3215594704609518
Brazil,2025-09-01,2025,9,Legal,1.5631575631567534,0.5161782871149584,-0.6414815952229522,0.43192254467394064,0.8004095252276825,0.7542913298135745,1.188913371474643,0.7083038472010638,0.22294903927612877,0.5135184888042018,0.5669331460551444
Brazil,2025-10-01,2025,10,Legal,-1.6620322832008012,1.0701502383164274,-0.026521259249060073,-0.8818746512277181,-0.16306696394376388,-0.7449026448064491,-0.6751782749743815,-0.14451867071551783,-0.9437383681765589,0.5954226057595651,0.02356622086676803
Brazil,2025-11-01,2025,11,Legal,0.8654684117458697,-0.3079615296390403,-1.8936146669537857,0.21329370737293857,0.0012054753622242368,-0.8170886310681906,0.6592456684324051,0.9375701376265584,-0.065686256384952,0.1406129526894987,0.0011302177012660031
Brazil,2025-12-01,2025,12,Legal,-0.030471570426773065,-0.7627247785662142,-0.7691423497872981,-0.9399031011088645,0.8294748419317485,-0.19382613877280352,-0.26451484131061076,-2.0038623644067535,0.7168873846669568,0.24861831963716224,-1.6621534179692716
Canada,2019-01-01,2019,1,Legal,8.672534528191374,0.059932630266328335,0.27737693795819207,1.360658595838651,-1.308820399119112,-3.0195121558208253,0.18384954475369486,1.8005111815108537,0.08154784854309935,0.2501564634101377,-2.3565457632034597
Canada,2019-02-01,2019,2,Legal,10.640895180629364,0.20965941527462578,-0.49163618563204736,0.8071225966373103,-0.9735461997044687,0.4763577693562191,0.5054701591666267,1.0602099074988798,0.16922085166591613,0.40797638738924236,-1.0321633263345606
Canada,2019-03-01,2019,3,Legal,3.382759373183024,0.39241596717876703,-0.5089636257074988,-0.025574312191994436,-1.7690759048891183,-0.6947131310890582,-0.409282438113104,-0.5240883979345925,-0.01003576845375323,0.010467116847005164,0.9271521568180275
Canada,2019-04-01,2019,4,Legal,3.476103471416149,-0.8224199323822006,1.1210306673244714,0.0002070649181973595,-0.009300321138626349,-0.32789471651291785,0.15519068385897913,0.8250982646676346,-0.0001702943160225983,3.2134546258251795e-05,-0.007673678832332319
Canada,2019-05-01,2019,5,Legal,3.9997737464797463,-0.6581164890752567,-0.30372602877666466,-1.345870923473215,-0.8192578597214978,-0.47622087354465886,0.8743891807127272,0.2625613290019253,0.8857398469046657,-1.176814974120826,-0.21510543244374936
Canada,2019-06-01,2019,6,Legal,-1.4203279358368088,0.8508979621679722,-0.13737178839939665,0.3904648499288896,-0.10322175293249623,0.26536234939962844,-0.5827586576115821,-2.438817158276429,0.3322457451027152,-0.22754677178906754,0.25173898215914214
Canada,2019-07-01,2019,7,Legal,-3.1060986332331573,1.42274813609994,0.9262154022415922,0.9653974845911707,1.2361307218062179,0.08865759096143765,0.19731570740559606,-0.6176518954343502,1.3735174717976588,0.19048808759968988,-0.7634984833282419
Canada,2019-08-01,2019,8,Legal,-4.5465328915037855,0.6157711497711416,1.2038844371688162,-0.13944627568099954,-0.4501892648514116,0.0005279588565972929,0.6012067489291151,-1.4438548161335418,-0.08586699350739266,-0.08383604205244685,0.6500079382273293
Canada,2019-09-01,2019,9,Legal,5.781443835579401,-0.5505368494915835,-1.2207124259141586,-0.5081401976473109,-0.14778031881747153,-0.4532484090230134,1.4524675344707454,0.32674476460232005,0.2797499035127811,-0.7380571400422669,-0.048286445484870544
Canada,2019-10-01,2019,10,Legal,2.4385221648320954,0.6222071440434019,-1.1388331177807691,1.0391117874202687,-0.07576428653545988,0.6704806172412126,-1.0718572330401555,-1.5537587660160643,0.6465427775925999,-1.1137794852836993,0.11771942435542367
Canada,2019-11-01,2019,11,Legal,3.476949655603469,0.3764095260975166,-0.9020515543575104,-0.8696630812746944,1.1254347844147694,-1.1894118928673278,1.6426729532559634,-0.9006207346478687,-0.32734946828711375,-1.4285720220551832,-1.0135899023378954
Canada,2019-12-01,2019,12,Legal,3.11631074640791,-0.3286184757489846,0.6031874310823431,-0.5441140021141926,-0.1627929060722942,0.04091917539572113,-1.0021874557814727,0.7408243454201257,0.17880591400844575,0.5453042274338975,-0.12060094808004736
Canada,2020-01-01,2020,1,Legal,2.233864485084934,-0.22859991534001858,-0.9943493746085122,-2.5623336587953105,-0.19102776260016902,2.412615421612916,0.7846042878980238,-0.01926037973439464,0.585749257473488,-2.0104179757162326,0.003679267247491046
Canada,2020-02-01,2020,2,Legal,2.8966358112539066,0.02246589281204638,0.54711911517521,-1.1808128153088449,1.114321694668872,0.7153813154412441,0.7181857257079345,0.4384757388097273,-0.026528014139819225,-0.848042908687812,0.48860302834164104
Canada,2020-03-01,2020,3,Legal,-2.1381212773435627,0.6728612359668197,0.5918141337413779,-0.3540407109410238,-0.573601772896901,0.1018562952619867,1.5490201514951873,-1.2391070756539009,-0.23822027034634882,-0.5484161956973285,0.7107540154041719
Canada,2020-04-01,2020,4,Legal,-0.4354756902530952,0.16476084123651674,0.05088770185601806,0.1733416643704082,0.24395319790850026,-0.22320225463480511,1.4898634386020821,-1.6009039784765156,0.0285599184430064,0.2582554081319044,-0.3905456450937868
Canada,2020-05-01,2020,5,Legal,1.5166338940657913,-0.10325476014904737,-1.643188811154167,-0.17585440443207115,1.661470165728018,0.020886488295961788,0.23070090571868349,-1.2601647651725802,0.01815780435078708,-0.04056977037709848,-2.093726161235896
Canada,2020-06-01,2020,6,Legal,8.36405380675322,-0.375196380323937,-0.31771509675623405,1.2816437950037687,0.5576910607251245,-1.111457956937032,0.24650477843200488,0.49822174849678513,-0.4808681127500479,0.3159313197161579,0.2778538153954983
Canada,2020-07-01,2020,7,Legal,4.395295565777881,1.5805406865683735,-1.0150941918278686,-0.8108575112103382,-1.2575778589146163,-0.23401985910698123,0.4663583744463342,0.9873345165891019,-1.2815932874775107,-0.37815019083565354,-1.2416500274046205
Canada,2020-08-01,2020,8,Legal,5.071308949637437,-0.31984752325484395,0.15175799224874037,-0.835142901630023,2.0895387216947734,-1.6076610271180587,0.18474057889572446,2.0236062192296393,0.26711838865022663,-0.1542847831077855,4.228403552542694
Canada,2020-09-01,2020,9,Legal,1.3362786210594817,-0.19003903500149447,-0.3574454228104272,-0.18039168176240783,1.3728484746765302,-2.211861911329507,1.5334337012963255,-1.423957152450145,0.03428146112442467,-0.2766186842479979,-1.954877404745917
Canada,2020-10-01,2020,10,Legal,0.9789384414680455,-0.42924442029866183,0.5885532697707198,-1.5981243518837476,0.46217266608194285,2.0243096232868525,-1.3631740045928105,0.18970616761039566,0.6859859609895139,2.178521572594658,0.08767700525668448
Canada,2020-11-01,2020,11,Legal,1.02549156196444,0.42588720619303577,0.01914777741575206,-0.6414869090443096,0.487872284871074,1.804348109786743,-0.19090379172729868,0.7197579421481819,-0.27320106750228706,0.12246228327998347,0.3511499517899358
Canada,2020-12-01,2020,12,Legal,7.237081908440675,-0.9564363768180087,0.47240627788037737,1.484116028535965,0.35561334878566,-0.31305803052315434,-0.0007085945766459172,-1.2504077339697175,-1.4194625571104709,-0.0010516365689338622,-0.4446616816244599
Canada,2021-01-01,2021,1,Legal,4.629681940083055,0.8823330623234091,-0.45209033283308037,-0.4700421477595015,0.2658782296520485,-0.4367197360405955,-0.06613261462582246,2.0997217891665154,-0.4147337276537133,0.031085116215673007,0.5582703120654249
Canada,2021-02-01,2021,2,Legal,5.874506058680616,-0.3583401520212223,-0.6475418056351594,0.7441919714999368,-0.181224173218103,-0.649373038321426,1.321304032273012,1.4196030045136372,-0.2666738642002605,0.983303852728069,-0.25726638079091885
Canada,2021-03-01,2021,3,Legal,3.75624447028844,-1.8665399513606162,1.0075136898369221,-0.684629825760004,0.7906255991627686,-1.9701038177118357,0.8925973382993093,-1.2111719292807812,1.277888921674105,-0.6110987601936995,-0.9575835322767441
Canada,2021-04-01,2021,4,Legal,3.0467991828633276,0.014273067836434108,-0.953939419396645,-0.4070363129267805,0.6863184569567008,0.10589445311523427,0.5844129804724844,1.9764405845154855,-0.005809656906295959,-0.2378773047980706,1.3564676522312678
Canada,2021-05-01,2021,5,Legal,5.626570101211437,1.617212574968624,0.10435593752321293,-0.8987840483231282,-1.3303136257389898,-0.1891203907770335,0.9216501119244593,-0.12754912037753421,-1.4535248651293702,-0.8283644187329298,0.1696803327892564
Canada,2021-06-01,2021,6,Legal,0.07869005759740344,-1.4511756900515589,-0.01208894784605456,-1.252393444413119,0.3636318826249679,0.8868873900973003,-0.42076179368105326,-2.6042138566271342,1.8174429209122567,0.5269593120656565,-0.946975187443353
Canada,2021-07-01,2021,7,Legal,0.9634044332815563,0.4367385517335093,0.4042947549616974,1.235782191822154,-1.0710536796490489,0.6802161054504494,1.192507512477975,-1.7785875840065168,0.5397137247144693,1.4736795475344167,1.9049627764282917
Canada,2021-08-01,2021,8,Legal,1.5579037615952327,-0.5041798310076715,-0.08152267310164589,0.34767648353833636,-0.4872285641135523,-0.6757080791616118,0.0341524174880246,-1.0872459388628024,-0.1752914707156999,0.011873992416569574,0.5297372776304143
Canada,2021-09-01,2021,9,Legal,2.0221025926409175,0.6793732829565033,-1.148794035158656,0.6663125009092119,0.4625912928539512,-1.7258067287905967,-0.6775646523356551,1.1941094030473725,0.4526749112176494,-0.45146979802545106,0.5523846125647439
Canada,2021-10-01,2021,10,Legal,9.012896662166035,-0.46440426230938764,0.4620608932518965,0.7833905092825955,-0.2515388860444957,-0.5975101946916416,1.4223698616985077,1.7388996637975789,-0.36380989156355925,1.1142710503442088,-0.4374008843747911
Canada,2021-11-01,2021,11,Legal,1.3254220335524174,0.08531814256502405,-0.8082657216409264,-0.8304444065565653,0.5225141052657575,0.4183982208886837,1.4015985929464294,0.6504500925361393,-0.07085197427091983,-1.1639497117499145,0.33986934812154995
Canada,2021-12-01,2021,12,Legal,3.0655222975845575,1.0519476177229186,-0.9980606273144129,-0.3839712719523516,0.2502002062516945,1.9956674897839644,3.109918556005361,0.6067230591361827,-0.4039176648043151,-1.194119383617599,0.15180223453353195
Canada,2022-01-01,2022,1,Legal,3.170564097331819,0.5345056484805503,0.8876554258738361,-0.3206676255571917,1.7952113559123222,0.23007075919140207,0.49774308909139425,0.6659242520544614,-0.17139865714516503,-0.15961009451643912,1.1954747794655887
Canada,2022-02-01,2022,2,Legal,7.15107834372385,0.8389405004696124,-0.6172531865469234,-0.5583017539460305,-1.100154232971695,0.4395012306202264,0.7789365035121141,0.4577728661518858,-0.4683819528685453,-0.43488161612340165,-0.5036207564365822
Canada,2022-03-01,2022,3,Legal,2.23776383665618,-0.005596018829046555,0.6687416555925126,-1.0917008761393143,-0.387099702474401,0.6955377575657775,0.849102110743144,-0.29396694766418224,0.006109178658562224,-0.9269655182300314,0.11379451797811276
Canada,2022-04-01,2022,4,Legal,7.402235509455935,-1.5178737466808094,-0.3570292008066094,0.8903831635197862,0.5752050161065663,0.5006657213812097,0.04977368718096008,0.007063158628176452,-1.3514892283932898,0.044317653052227464,0.004062764272483468
Canada,2022-05-01,2022,5,Legal,-0.49238262182203085,0.6988284202025348,0.4209729443893898,0.49201884799279927,-0.5260348426675804,-2.1533429198712444,1.0971527117536957,-0.47883745600840416,0.343836754252679,0.5398198133092291,0.2518851858347253
Canada,2022-06-01,2022,6,Legal,3.6607713350082314,0.6934789119139937,-0.3920126399191296,1.0599363840466218,0.6170059495766975,0.6835693232004776,-1.3659557112005343,1.2119439853864005,0.7350435303067042,-1.447826157297726,0.7477766495371032
Canada,2022-07-01,2022,7,Legal,2.6673813255619896,-0.36927713924620315,0.14338846734225108,-1.77623523289832,0.40865281148067084,-1.0293715081820716,-1.3526702858435344,-1.5223591862178911,0.6559230654330049,2.4026606202099274,-0.6221163615313673
Canada,2022-08-01,2022,8,Legal,2.0890419470715114,-0.6292633936927887,1.5337277099164992,-0.5358014630522978,-1.7073579575929467,-1.1165244399486591,1.2358116200069387,-0.15589817793666752,0.3371602469858503,-0.6621496740567481,0.26617399467441044
Canada,2022-09-01,2022,9,Legal,2.6508088015156277,0.1600182258527877,0.501782736167545,1.1173988159024606,1.448499229892926,-0.3597686457890858,-1.3260476860820385,-0.413465161123276,0.17880417609071747,-1.4817241142582676,-0.5989039674746199
Canada,2022-10-01,2022,10,Legal,4.450411589756353,-0.9637589262106109,-0.9571509148950429,0.34378788154988543,-0.04865235157045115,0.03279699541158651,-0.7584953347000695,-0.23040071420576733,-0.33132863956673825,-0.26076150428200817,0.01120953654962203
Canada,2022-11-01,2022,11,Legal,0.20062389838213113,0.8901984111247868,1.0352493347237526,-1.8461878622380938,-0.92951086019241,-1.496529255090079,-0.6500239344068982,-0.08343796979036086,-1.643473501602218,1.2000662978662664,0.07755649907254665
Canada,2022-12-01,2022,12,Legal,5.032985475187584,-0.921859813125313,-1.0039573720814983,0.20726732939894396,0.06934433703625043,-0.7217375533372533,0.17682087213939798,-0.5466800845872654,-0.19107142154669315,0.03664918995032516,-0.037909168036625224
Canada,2023-01-01,2023,1,Legal,6.122771906872462,1.673452090298537,1.340461051790348,-1.2995812369275976,0.8297324178791745,0.8113965544915921,-1.1482632887526183,0.8187776437548606,-2.174786937449247,1.492261425115679,0.6793663540581338
Canada,2023-02-01,2023,2,Legal,6.039378569404666,-1.1225448062444139,-0.9175028210142636,1.0176614668435024,0.271495310825648,0.5514762752395233,0.3405892164004968,0.39069592092814415,-1.1423705941202456,0.34660452155320864,0.10607211049069928
Canada,2023-03-01,2023,3,Legal,1.661339509046576,1.0473177066214483,1.1695899924277735,-0.22939074406802776,-0.04347694981386243,-1.5311075025557226,0.514254756017835,0.5720574417141441,-0.24024498799751443,-0.11796528112345324,-0.024871312684052373
Canada,2023-04-01,2023,4,Legal,0.842333690287698,1.1243533598705027,-0.3340772309799405,0.5646059258936003,-1.0196643386921156,-0.02355215087423812,-0.17435425790283585,0.2253079220409414,0.6348165697812654,-0.0984414472167222,-0.22973845332997125
Canada,2023-05-01,2023,5,Legal,3.2297348822335685,-0.1314725956716678,0.8260471714415063,-0.43676423723821745,-1.6065771007386793,1.7495839042054206,1.3814540786904865,-1.2922626951056186,0.057422527966264555,-0.6033697369588747,2.0761196540955367
Canada,2023-06-01,2023,6,Legal,1.8893149938874902,-0.5029747705513431,0.26348721533105957,0.2942241290134937,-0.234407800316322,-0.7837656655863965,-0.6905410523162594,-0.9161919154812425,-0.14798731378123076,-0.20317383966581282,0.21476253157555564
Canada,2023-07-01,2023,7,Legal,5.5824384158945675,-0.06717829004935526,-0.7157599891107518,0.6820520657126199,1.4872461553359273,-0.580053241370043,0.23940450053537707,0.499685110302934,-0.04581909149920429,0.16328633413105195,0.7431547591766473
Canada,2023-08-01,2023,8,Legal,2.5340726662389823,0.0759552679160874,0.7426824183597222,0.4822489526806572,-1.2376624223272978,0.8691560643892732,0.8872908372667421,-0.7632861041785816,0.03662934840311187,0.4278950769950298,0.9446905286264294
Canada,2023-09-01,2023,9,Legal,2.8659519796049127,0.6833289928110694,-0.20931381957936157,1.0729780477660118,2.3638724946193608,-0.7859860326349823,-1.3810446031537749,0.30381859560487573,0.7331970086883364,-1.4818305421697238,0.7181884215042483
Canada,2023-10-01,2023,10,Legal,2.570588959840653,-0.230866373844769,1.4532606633210345,-1.3386057997232488,0.6929186230316111,-0.6058608207588934,1.7193779062072967,1.9925153531681183,0.30903906698968353,-2.3015692371651033,1.3806509948865968
Canada,2023-11-01,2023,11,Legal,2.05255917938394,-0.5495571359085801,0.8595878869798019,-0.3871306497895146,-0.04541121793223822,0.02538842054241018,-1.9196731561976563,-0.013837746094237255,0.2127504111207532,0.7431643163422871,0.0006283889035763863
Canada,2023-12-01,2023,12,Legal,3.351128099740575,-0.493122822399772,1.4436320034688142,-1.2565068942792563,0.8132051867479773,-0.2789629303318085,-0.2797601684958344,0.7903718960517113,0.6196122260717588,0.3515205804597423,0.6427345253290848
Canada,2024-01-01,2024,1,Legal,8.179643996146224,0.570612997219531,0.9681846605328611,-0.33130838318332273,-0.6122367345077503,-1.085150526557798,-0.8254105299789551,2.9490944253087252,-0.18904886953219263,0.27346542814981717,-1.8055439407060245
Canada,2024-02-01,2024,2,Legal,8.389473886877433,-1.3510743662080213,-1.3224579567435701,0.48186606171849145,0.5472647973779668,0.5488838353173644,-0.25495579355369785,-0.12545426000290022,-0.6510368839334661,-0.12285454415203313,-0.06865670018068996
Canada,2024-03-01,2024,3,Legal,4.927414035833519,0.08589300629333041,-2.219300372747535,-0.22979963057519381,-0.8514064342603136,0.17521141890851205,2.98525900260341,0.3674816654743044,-0.019738181115200124,-0.6860114159695352,-0.3128762544575189
Canada,2024-04-01,2024,4,Legal,-0.35492776229205725,0.9218015019772522,0.4826878872092127,0.4200944904518413,0.606850593215671,2.056543564829542,-1.1308884353259159,0.47363207681145447,0.3872437322708757,-0.4750800009961207,0.2874239067790014
Canada,2024-05-01,2024,5,Legal,2.0490074386924366,0.5555126463422483,-0.9186865114860944,-0.4173668136050844,-0.2950899142379063,0.975816719344709,0.9184544439424138,-1.2457173764463845,-0.2318525431211923,-0.38333240470967483,0.3675986337802333
Canada,2024-06-01,2024,6,Legal,2.671743002757001,-0.7095798547491726,-1.2585049106753345,-0.21701705042437042,-0.3084827884558197,2.4267164863455224,0.43295982536069616,-1.3776175007542373,0.15399092711821863,-0.09395966425202881,0.42497128805820444
Canada,2024-07-01,2024,7,Legal,2.607819515075408,1.0213832954293984,2.088442772869925,-1.5859833122379583,-1.879924385139045,1.8709651753717822,0.38961417737090387,-0.8682927318763665,-1.6198968619496383,-0.6179215835215734,1.63232468009338
Canada,2024-08-01,2024,8,Legal,8.81365254594297,-2.6357477390168778,0.003375506597160999,0.3278211728430852,0.9242701395378297,-1.0138959522925377,0.08568716140335904,-0.9254246260595873,-0.8640539151230229,0.028090065748843904,-0.8553423482598386
Canada,2024-09-01,2024,9,Legal,0.6364134349635377,-0.8953463223630241,-0.4081008391602206,-0.9958153947902291,0.651136241823657,0.8584511166566653,-0.2346205699574138,0.03823799496002834,0.8915996514779145,0.23363877549805057,0.02489814433314479
Canada,2024-10-01,2024,10,Legal,10.510042139515974,-0.29967664800678706,-0.05020461704174478,2.620793091029975,-1.1119670257741636,1.4641772387524374,0.996858773465808,0.2806364044901364,-0.7853904886392092,2.6125605862318046,-0.31205842802485206
Canada,2024-11-01,2024,11,Legal,0.23155481693512847,0.3721054726068629,0.3891591956679287,-0.053120653017545344,1.2235688824186275,1.0964692338108837,-0.6256772874962124,-1.3192471945987674,-0.01976648569627889,0.03323638609004526,-1.6141898155291234
Canada,2024-12-01,2024,12,Legal,3.647521312721792,-0.8000385643976464,-0.0635245746153551,1.2374381346841392,-0.45730165508679,-0.04282338131157488,0.058022734808395225,0.8484308822052846,-0.9899982288036002,0.07179954473057307,-0.387988846659222
Canada,2025-01-01,2025,1,Legal,3.0436116732347953,-0.6067002947652964,0.2112836922794726,1.2000789564268612,-0.49190244750620515,-1.876552706041874,0.6197114459661363,-0.6353623888256293,-0.728088256605806,0.743702665360822,0.31253631411671623
Canada,2025-02-01,2025,2,Legal,3.1343453473210077,-0.6243453897132241,-0.18452535765584954,-0.6047446645382127,-2.205566057099069,0.8970661968871322,1.2748750412787222,0.6515219913395057,0.3775695432581034,-0.7709738791662409,-1.4369747895520075
Canada,2025-03-01,2025,3,Legal,7.569107631208365,-0.20149153394751798,-0.006521315229458062,0.5987943895619102,0.6683404887180808,-0.7341737987784958,0.08199555641356042,0.4572804046152411,-0.12065200007199695,0.04909847914944709,0.305619009101752
Canada,2025-04-01,2025,4,Legal,4.302690562903135,0.704506539824723,0.7890566873755188,0.08382662792936095,1.410459145203504,0.4097627959594974,-0.8610879101735704,1.4033699701251907,0.05905640758768857,-0.07218209586059088,1.9793960084670434
Canada,2025-05-01,2025,5,Legal,9.014411492072554,-0.4430440211284823,-0.47949296739924335,0.2965755451407616,0.46318479526758444,0.19729226563120666,0.31130867344288515,1.6999573745763805,-0.13139602208753476,0.092326539533371,0.7873944085067811
Canada,2025-06-01,2025,6,Legal,-0.03905072117894415,0.19063559126502438,0.9413105807674834,-1.0325239035275395,0.39792704994680894,1.80930634973311,-0.21804589539237385,-0.8476339286190848,-0.19683580484424348,0.22513759905869138,-0.33729646865021645
Canada,2025-07-01,2025,7,Legal,7.649306513383653,-1.0896330373423884,-0.7847619081277034,-0.370508098590029,-1.405567019178642,0.015618333949603047,0.9022771737866472,-0.9077561801469204,0.4037178648266064,-0.33430100006087576,1.2759121482700972
Canada,2025-08-01,2025,8,Legal,3.1778943275691374,0.5107920885275947,1.0305805856240573,-0.6578345538521371,0.8545252270666157,-1.091933900395313,0.8902475008365087,0.1718393397935313,-0.33601668566775156,-0.5856355675307647,0.14684105085604468
Canada,2025-09-01,2025,9,Legal,6.393407911801439,-1.1755946056248516,-0.8950698422766047,0.5972282182533848,-0.9483480042242007,0.46320629209912306,-1.3671378064602457,0.8481742126666681,-0.7020982717056207,-0.8164932762590934,-0.8043643218168676
Canada,2025-10-01,2025,10,Legal,-2.922191484972891,0.5522999376795235,0.6256309336460011,-0.6967718184295749,0.5820265670847269,0.26044226333355597,-0.5388418561927383,-1.008554684076208,-0.38482703189550244,0.37544981998538174,-0.5870056204900966
Canada,2025-11-01,2025,11,Legal,5.123045618901716,0.3496500472996937,-1.5648027713620551,0.0953441994413082,-0.2634482160822491,0.6791427754381955,-0.3020454994898642,-0.32944778634709126,0.03333710384440484,-0.028798286343711166,0.08679243160538713
Canada,2025-12-01,2025,12,Legal,1.401419748527593,0.3350580290841175,0.3161559571827783,0.46926758980852623,-1.5355721232071058,0.756788679986982,0.6124687940136023,-1.0166831285764972,0.15723187375429892,0.2874117547996979,1.5611902703770548
China,2019-01-01,2019,1,Illegal,8.83490272350503,-0.1344967844017327,0.33385996656853467,1.4313667818311835,1.0817667276728287,-1.3122191934314063,0.6220699903060487,1.3289333195354096,-0.19251422945575067,0.8904103200981245,1.4375958483692097
China,2019-02-01,2019,2,Illegal,0.5343071538661247,1.090980425185967,2.012270445700765,1.0237095461069814,0.24930859564172886,1.0450884740847535,0.14488783309689118,0.02390304328495547,1.116847075878728,0.14832305785604255,0.005959234152935706
China,2019-03-01,2019,3,Illegal,-0.719472734871792,1.5634133588321084,-0.8184286659420014,1.532367724678116,0.49986412374037126,-1.3993061748019413,0.3676492929914216,-2.100026507651624,2.395724171404929,0.5633739105807827,-1.049727910078831
China,2019-04-01,2019,4,Illegal,9.744907771428895,0.885231482988991,-0.5923559556520536,0.12354769595558233,1.9541574337502863,-0.5057467042619367,-1.0589075870566005,1.4816634024625988,0.10936831011063312,-0.1308255926107282,2.8954035522380295
China,2019-05-01,2019,5,Illegal,9.106387099242163,0.0036956718478473255,1.0114630354083562,1.341475915530881,-0.742484232538384,-0.4853058353678683,1.230874513154735,1.6850142787085094,0.004957654775592694,1.6511885144378755,-1.2510965335431063
China,2019-06-01,2019,6,Illegal,7.1560299048917075,-0.8798143535020543,1.9870611116994412,-0.5309708978119645,-0.33513778117145177,0.34233783448962146,1.5541604207147741,0.8539759765522237,0.46715581718683885,-0.825213953930744,-0.28619961395543597
China,2019-07-01,2019,7,Illegal,5.042689913953956,0.4632885301181064,0.04351466864346608,0.5581395145185063,-2.529560077694303,-0.29660745906979835,0.241321934916781,-1.151014083619507,0.2585796352821123,0.13469130759711873,2.9115592747877974
China,2019-08-01,2019,8,Illegal,6.160064686959914,-0.20447122098612153,1.7554756983154902,1.5730197252148568,-0.46580556911816284,-0.15083771156669531,-0.0739475656083926,-0.4516594761596227,-0.32163726384993513,-0.11632097933362132,0.21038549934014436
China,2019-09-01,2019,9,Illegal,8.594672831337727,-0.7582820688875902,-1.1306153349375263,0.6227112239002686,0.6295295842218108,-0.8043157596599924,0.8953554307625996,-0.6315777291653314,-0.472190755178619,0.5575478761159306,-0.3975968652452065
China,2019-10-01,2019,10,Illegal,2.99611193643043,0.820344012612456,-0.03361256470371303,0.45474091214113466,-0.5164296438875717,-0.19646658342809717,-0.20585943088034037,-0.7465783465402389,0.3730439845649067,-0.09361270537138085,0.3855551896379477
China,2019-11-01,2019,11,Illegal,10.678228581172855,-1.5486182988637467,-0.4911537471421047,-0.28487549336967083,-0.2561797524953804,-0.24149744587077906,-0.061764199860128925,0.4794415180860639,0.44116340193011017,0.017595106907737183,-0.12282320943929728
China,2019-12-01,2019,12,Illegal,4.179338555396345,-0.6497652268482671,-1.2032008553891445,-1.042044412243103,-0.48720292119492714,-0.3519213178165091,-0.7699960661974573,-1.2961166642498945,0.677084223907109,0.8023700982302308,0.6314718250319732
China,2020-01-01,2020,1,Illegal,5.3590653440564,0.18142662011397137,0.5950294658355647,-0.5574230531083212,-0.41299782214343406,-0.9266983088473107,-0.03143917037477642,-0.8484286341908146,-0.10113138049905347,0.017524918337500556,0.3503991781649347
China,2020-02-01,2020,2,Illegal,8.863790712641206,-1.7858664919341112,-0.3596296724524622,0.3011073391917419,0.18383451632250436,2.6930336639804966,0.3498000245679074,-1.0040545968420098,-0.5377375075379706,0.10532735464684853,-0.18457989117183798
China,2020-03-01,2020,3,Illegal,9.062673287815684,-1.776246333466452,-0.08059974929676088,-0.8330560570007587,0.9153902755601617,-0.5495402745955349,-0.11676591579524663,-0.6355578414044034,1.4797127668196173,0.09727255340447076,-0.5817834675775984
China,2020-04-01,2020,4,Illegal,2.9192098226059495,-0.3212427661179117,1.8325570434792018,0.8141517621182666,0.48206672733538614,0.3687331473175197,0.39379729821625153,-1.92767257934561,-0.261540364102644,0.3206107642601737,-0.9292668116993007
China,2020-05-01,2020,5,Illegal,7.497879344453554,0.8451579711843216,-0.04889718347410554,-1.405189846803575,-0.05240445057746945,1.7041055162554912,1.2468917155347194,-0.062004009366031745,-1.1876074000533172,-1.7521195787328794,0.0032492860444271634
China,2020-06-01,2020,6,Illegal,9.875387577886356,-0.36650702036805183,-1.703871586826719,-0.9244659881295544,1.5628887685081978,-0.2739930818293042,-0.24338397937501807,-0.29983819627488056,0.33882327474096974,0.22500021098782916,-0.4686137493277674
China,2020-07-01,2020,7,Illegal,0.7093249155923151,1.6259589153620633,2.218780233448134,-0.1590452104000513,0.29562448874709507,-1.5166425494207911,1.4769344261182744,-1.167779551267935,-0.25860097779559854,-0.23489934654905997,-0.3452242328128954
China,2020-08-01,2020,8,Illegal,5.568374194170854,-1.097302527632844,-0.5888668267386961,-0.8372624310497003,-0.6078752606758179,-0.5391227031489786,-0.5482687949250771,0.8333339117803071,0.918730181882856,0.45904486410765966,-0.5065630688534533
China,2020-09-01,2020,9,Illegal,4.022208726705809,0.22054142701386686,1.2179591523055584,-0.513196364513396,-0.7179188907476018,-0.23052462518025083,1.1797252083607102,0.1941076309533577,-0.11318105856811295,-0.605430688055525,-0.13935353509967943
China,2020-10-01,2020,10,Illegal,5.483050198057699,0.48387665118803963,-1.1022921498364233,0.681359510442948,0.40860730770176745,-0.307808471138884,-0.8385857984472311,-0.8866809222834574,0.32969395816825575,-0.5713784090944141,-0.36230430444476364
China,2020-11-01,2020,11,Illegal,1.155143398330894,1.2289805024890619,-0.637307747028795,0.4583867035514844,-2.0870270186020687,-0.5846177306571996,-0.031058932870901952,-0.9096834169818336,0.563348321265008,-0.014237001854519588,1.8985338696153387
China,2020-12-01,2020,12,Illegal,2.3819639637712653,-0.667779556468886,0.29219272832637316,-0.1873290184063747,-2.238231233324972,-2.120700152635066,-0.6068651778571752,0.4576865860535519,0.12509448882516067,0.11368345807299463,-1.0244084119789374
China,2021-01-01,2021,1,Illegal,7.880540977365045,-0.4997301761516306,-0.5262478565174211,1.3883377782084478,-0.38502181171286365,0.38298898474092846,0.14125714008746323,-2.1305664798072006,-0.6937942824620711,0.19611262402510818,0.8203145660300667
China,2021-02-01,2021,2,Illegal,6.358836003920798,0.21539650545628794,0.5082686396745896,3.9262377064363267,-2.0841129394985884,1.7246966497611085,-0.28744751940035557,0.2873289044030093,0.8456978815570957,-1.1285872892912636,-0.5988258875582646
China,2021-03-01,2021,3,Illegal,5.624424921722176,-0.4242363333980435,-0.5698329282387585,0.329508735573009,-1.5171736966716791,0.7505791675217656,-0.41619440488525394,-1.1300693390403578,-0.13978957780211881,-0.137139692106301,1.7145114766071807
China,2021-04-01,2021,4,Illegal,5.587177906138546,1.2571492168625729,-0.5353350870162233,0.3584536182096204,-0.7309562757154733,0.7579218499236196,0.6855077387902041,1.8486088332964115,0.45062968541377996,0.24572272928004402,-1.351252228041071
China,2021-05-01,2021,5,Illegal,4.189900743958276,0.6686548047579066,0.09806753953894455,1.2958717818630143,-0.7188323876087304,0.7450053128772811,-0.19469729611668168,-0.06418817710849775,0.8664908932928944,-0.25230273204263526,0.04614054060715349
China,2021-06-01,2021,6,Illegal,2.7547948020148985,0.2522403964266774,-0.11622904312195795,0.21471318317052593,1.5781180575621845,0.9854496856152184,0.8691545924968965,-0.4555395260238707,0.05415933844096726,0.18661894922228997,-0.718895151951589
China,2021-07-01,2021,7,Illegal,3.770785139155012,0.9553005582377531,0.8760467925297942,1.472670675750982,-0.6039806259692295,-0.22954865536034708,-1.6394841625254342,-0.39247110606087293,1.406843118645282,-2.414420249509364,0.23704494431348191
China,2021-08-01,2021,8,Illegal,2.042864190429589,-0.46649537922819795,0.6404797952008238,-0.19050310599781134,0.32405702822156063,-1.1476913898156673,0.08520944963390106,-2.9911359709007233,0.0888688186765986,-0.01623266481562222,-0.9692986337367008
China,2021-09-01,2021,9,Illegal,14.045534546609568,-1.6304732437151401,1.205994516546816,0.7774073527645112,0.466670981966081,1.5210062271593798,-0.9489165208248372,1.7473631979155582,-1.2675418881499527,-0.7376946804489469,0.815443699422645
China,2021-10-01,2021,10,Illegal,6.142835275717289,-0.23655528721894603,1.1356201471829441,-1.1062935124116342,-0.8245141615276735,-0.6085897232397004,-0.5289777080640152,-1.0565576427602528,0.26169957957699075,0.5852046066415955,0.871146738926125
China,2021-11-01,2021,11,Illegal,3.418162436761827,-0.25885440036983165,0.35250496835687956,-0.5703513664136806,-1.8206033005485172,0.2700573583914221,-1.9122549754197768,-0.06863404608546861,0.14763796095312742,1.0906572381620288,0.12495537083320318
China,2021-12-01,2021,12,Illegal,1.8220939601167498,1.987275999230808,0.9113627221747217,0.10575379127148042,1.2637066776546686,-0.8463159774657358,0.543479378670093,0.1998104337187135,0.21016197122147756,0.05747500477223089,0.2525017793554138
China,2022-01-01,2022,1,Illegal,1.0309619039507285,1.2723535001067678,0.7324921027798023,0.28872366282502326,-1.6548874362282961,-0.9600462952794637,-0.12270893359572414,0.09337237427665124,0.36735856295906466,-0.03542897276911003,-0.15452076908123627
China,2022-02-01,2022,2,Illegal,-0.8315625215374259,2.411676675578421,1.516394055253573,0.6021183203924836,0.07203686128374492,-0.21220896990115218,-0.9519184600222356,0.07748051851886253,1.4521147092290074,-0.573167544299188,0.00558145336473593
China,2022-03-01,2022,3,Illegal,11.522009205523268,-1.2417605754816243,0.33417641724489744,-0.15525904882474875,-1.907807557877391,-0.8603850107795019,-0.4136055334216442,1.88768765734019,0.19279456581734963,0.06421600170769731,-3.601344779585481
China,2022-04-01,2022,4,Illegal,2.9583328361399657,-1.335481569099891,0.486036289417637,-1.5473039889383655,1.0826910538870733,-0.4711246518178786,-0.09363618873917087,1.3257966475421905,2.0663959590219285,0.14488364834510475,1.435428169567403
China,2022-05-01,2022,5,Illegal,14.9545924725056,-1.3971181851129912,-0.5835993263460049,1.0383788510193166,-1.5193460754768426,-2.8321555981105697,-0.4511588584089988,0.5517407999109204,-1.4507379757958208,-0.4684738170219227,-0.8382852190251108
China,2022-06-01,2022,6,Illegal,8.38666973793471,-0.463161362085399,-0.4114266071160025,1.1539007342557475,-1.8697416996954206,-0.38852077518300926,0.19042388992505774,0.44921872128503426,-0.534442235789234,0.21973026640435975,-0.8399229754704833
China,2022-07-01,2022,7,Illegal,7.087023483522955,0.03444101170584135,-2.4883273534129895,-0.6582484123338483,0.4535087125544674,-0.9822940342546795,0.05898422158959733,0.4468725008026977,-0.022670741274541554,-0.038826270214100345,0.20266057251502662
China,2022-08-01,2022,8,Illegal,7.773862943118264,0.1704637709965709,-0.9627325652846123,-0.20661127969604665,0.6102161695892225,0.15697296096843422,-0.5865312695639355,0.224216404290793,-0.035219737867415356,0.12118397618635161,0.13682047538539624
China,2022-09-01,2022,9,Illegal,6.0753987071966895,-2.049941278577478,1.1590740649558977,-0.336254738681072,0.42548993324023027,1.197246923645228,-1.371673697230466,-0.7094410024275466,0.6893024689396124,0.4612317806179302,-0.30186000476077884
China,2022-10-01,2022,10,Illegal,5.094483806384273,-0.7837535211244283,1.7349365758368085,-0.8567720938267928,-0.5555467794868666,0.20438903160297678,-1.2021495260760888,-0.39568071175626385,0.6714981453378979,1.0299681665490972,0.21981914512126352
China,2022-11-01,2022,11,Illegal,7.036832841570008,-0.33286040438251097,-0.09338685889994834,-0.5293321124483711,-1.514470309180767,0.32159321133923857,1.7549330716472415,0.01840163078343813,0.17619370100221357,-0.9289424300205429,-0.02786872346202386
China,2022-12-01,2022,12,Illegal,8.146252365671469,0.6927227551168597,-1.2693304965466992,1.7025146581296056,0.20232879642280202,1.631856899089109,-0.7330329955239894,1.8180619225578247,1.1793706446063787,-1.2479994197722455,0.3678462806132502
China,2023-01-01,2023,1,Illegal,2.7963793813724425,0.5530400858523584,0.23402445435314795,-0.24852861807444937,1.2005316584738726,0.14035986984804696,-1.9670697035871527,-1.1171864617070026,-0.13744628827666147,0.4888731150886318,-1.3412177156976655
China,2023-02-01,2023,2,Illegal,6.631835840085892,0.3099989831655548,-0.05658848889989584,1.2189707897936632,-1.9511018640386248,0.1435879365051602,-1.8179792253871547,0.7597122954841684,0.37787970534454884,-2.216063572198652,-1.4822760758522235
China,2023-03-01,2023,3,Illegal,4.446803361070943,0.41960997202411815,-0.8638829605897661,1.279464931657751,1.0417246640588513,0.5835443030118876,-0.12951724686344077,0.5798572852951321,0.5368762441787491,-0.16571277540663232,0.6040516357261491
China,2023-04-01,2023,4,Illegal,4.0879983917542075,0.8555556590207121,1.649480894323921,1.0706105599791862,-0.7296024698074095,0.3614173172731029,-1.2931415437586478,0.5723903111756757,0.9159669231975263,-1.3844509922957953,-0.4176173847276047
China,2023-05-01,2023,5,Illegal,9.196409355624699,-1.869816339532164,-1.1617838439123638,-0.28313889674376713,-0.30085974714082625,-1.2094769354188053,0.388978729352184,0.25147360894051224,0.529417735488606,-0.11013500828556977,-0.07565828639843354
China,2023-06-01,2023,6,Illegal,8.523230707965364,-0.7557915001583629,1.0487071264165635,1.6554071130882952,-0.4835614838465371,-0.6121669171548207,0.49120766541199645,-0.35802937974698634,-1.2511426253738274,0.8131486633265143,0.17312921813110801
China,2023-07-01,2023,7,Illegal,1.4619587004176124,0.7396531517246714,-1.9093560875072928,1.3183023248526693,0.07268052432934134,-0.4114931445621802,-0.08923415422144892,-0.03757064497948127,0.9750864695032384,-0.11763759296639775,-0.0027306541765002345
China,2023-08-01,2023,8,Illegal,3.4722856056271425,1.494938227453236,0.041325632270618466,0.4430021304473752,0.9515497705740432,-1.0211624575603007,0.47347189903522846,-0.26764109089879357,0.6622608196490063,0.20974905997957075,-0.2546738186409337
China,2023-09-01,2023,9,Illegal,6.449509327109707,-2.1272274203514954,-0.099094300241269,-0.6028206557839616,0.4322629506341556,0.47004418736820225,-0.7076258948220262,-0.7121738641760437,1.2823366285379134,0.4265715059663265,-0.307846375893265
China,2023-10-01,2023,10,Illegal,2.7414120278898424,-0.8966422273152082,0.8419836954521269,-0.36920720044744615,-2.9069882193216414,-0.3748220566218061,-1.0385438208439723,-1.6312758154609455,0.33104676655001064,0.3834378566357971,4.742099578009272
China,2023-11-01,2023,11,Illegal,1.9079830701895313,0.10940847183297006,1.3286408282482312,0.31318447386498,-0.6065033882157399,0.4559041951707029,-0.45909031021899177,-0.6946003691631446,0.034265034687380215,-0.14377995726244538,0.4212774773533509
China,2023-12-01,2023,12,Illegal,7.950787943565351,-1.7518288067517191,-0.3899237065594453,0.15805348992013185,-0.09662367001488972,-0.4159669279473586,-0.9457460606967811,0.6082461916849685,-0.27688265664972944,-0.1494784654713431,-0.05877097931318176
China,2024-01-01,2024,1,Illegal,8.81661260682559,0.7760279138434754,-1.0022170189267248,-0.7524352373530351,-1.466785190615677,-0.5014021468856367,0.9753124584779789,0.5156280884439565,-0.5839107475453961,-0.7338594611882502,-0.7563156439950659
China,2024-02-01,2024,2,Illegal,8.973265430160453,0.5221425459339358,-1.1036698285303692,-0.33078922432755736,-0.7801991291174627,1.3305749040390402,-1.1967886464263116,0.8936976893891109,-0.17271912775790263,0.3958847880353869,-0.697262158955673
China,2024-03-01,2024,3,Illegal,-0.27022351354665575,1.8296202017160872,-0.40968659262949736,0.7123221595801621,2.2816518365388427,-0.6176416769336966,-1.5350402475323597,-1.8800100339077637,1.303279013297895,-1.093443184164717,-4.289528346577101
China,2024-04-01,2024,4,Illegal,10.556347593310594,-1.8831502080585838,-0.37231905293792283,0.4373131870389607,0.18517553682991406,0.42544486418417227,0.22228985580085406,1.2788658133133932,-0.8235264191591812,0.0972102852867025,0.23681466351373223
China,2024-05-01,2024,5,Illegal,10.506648347065411,-0.6769951384585313,-0.772659445270824,0.8301918118626102,0.9003985883950636,0.4512253193185082,1.1834936668899279,-1.1780408673763807,-0.5620358206190668,0.9825267516432736,-1.0607063340573895
China,2024-06-01,2024,6,Illegal,-1.4313366282403233,1.5232386217122578,0.7356219972457467,1.78179890877106,-1.6566232076777738,-0.5244481362626519,-0.7353034606819523,0.7214793237573432,2.7141049139648343,-1.3101629038586866,-1.1952193915960811
China,2024-07-01,2024,7,Illegal,6.059796165312906,0.7574951493374855,1.3705361439967134,0.6952029000839993,0.2837510236615011,-0.9878733409007492,-0.8468509661253646,1.2496189052966666,0.5266128246189821,-0.5887332475892901,0.3545806435646936
China,2024-08-01,2024,8,Illegal,7.918784475536839,-0.03901951937754412,-0.41790954576589057,-2.025807873111377,-1.0708524186844388,1.9114190871397234,-1.2804555710024668,0.18947982122108065,0.0790460495600508,2.593956976906121,-0.20290492484648925
China,2024-09-01,2024,9,Illegal,11.112753277342433,-1.2549226680022925,0.1847104747810833,0.937915537510655,0.012499321907250335,2.8684030556667683,-1.6685992588781953,1.0587285298838789,-1.1770114686936755,-1.5650051707806232,0.013233388707408507
China,2024-10-01,2024,10,Illegal,6.34507030753121,0.7719201548366751,0.44130715169924584,-0.7331561971099966,0.22899639245934025,-1.8579014513982872,0.6032475005713938,0.29815846599052565,-0.5659380451926165,-0.44227464343503353,0.06827721309304126
China,2024-11-01,2024,11,Illegal,5.095332241321715,1.0581183250871502,0.3676198402097109,0.1480894197982762,-0.8810683366612923,-0.712220763649051,1.186734620177331,1.4363354057059785,0.15669612884007986,0.17574284135658863,-1.2655096467930889
China,2024-12-01,2024,12,Illegal,6.66964554429963,0.04600274725327412,-0.9046143749937661,1.1727568452674448,0.6654168236917787,1.9412174364637491,-0.8783230771797389,-0.3780078990182172,0.05395003674238537,-1.030059401118905,-0.2515328154951047
China,2025-01-01,2025,1,Illegal,9.10853400571294,0.6464895377257704,-0.21566763754763232,-0.8729610904537004,0.8814075289235711,0.7211353625455816,-0.9162741005637249,1.3554428011054958,-0.5643602118199973,0.7998716379825929,1.1946974899196385
China,2025-02-01,2025,2,Illegal,3.921215558377851,0.13429649724779288,0.07959786237603639,0.5540577711159071,-0.8617030702562581,0.03003147916408217,-2.1523835446091804,0.8764556455029355,0.07440801793378568,-1.192544829312718,-0.7552445206733102
China,2025-03-01,2025,3,Illegal,3.5958640692247963,1.503419828428999,-0.3301200939664503,-0.2116669819311769,-0.6277339060845056,-0.2880388739220764,1.4185313451480366,-2.4878086565350794,-0.318224337659054,-0.3002562486022575,1.5616818455576116
China,2025-04-01,2025,4,Illegal,7.81191990784453,0.33802348110170816,-1.2070216478572156,-1.0753123930492379,1.676393027208203,-0.9455068799427312,-1.1533505105959596,1.1373145423647297,-0.36348083837031164,1.2402120975735018,1.9065861685627215
China,2025-05-01,2025,5,Illegal,9.2307164941947,-0.9379255765363989,0.216624975404619,-1.0257526836402773,1.1008213984226052,1.0613709648731335,0.5320061988219431,0.3616610612470166,0.9620796771870654,-0.5457067861548711,0.39812423519694423
China,2025-06-01,2025,6,Illegal,6.69537440270679,-0.0003136726117747121,-1.1818741254208012,0.44947391283230687,2.0860470495371137,-1.0147594931858521,-0.36146276669398564,0.4164460381014525,-0.00014098765616270896,-0.16246808408913696,0.8687260290729554
China,2025-07-01,2025,7,Illegal,13.709210547048327,-0.9823035803773149,1.1218578562304709,2.3200407220172594,0.1961314590239074,-0.9040682897360006,-1.548960525053475,0.2579759812211809,-2.2789843078587246,-3.5936514949212977,0.05059720559003435
China,2025-08-01,2025,8,Illegal,6.904513135409944,0.4751677464953816,-0.002403840918853844,-0.5892716517893062,-1.0921636327180897,0.8347513263248821,0.9137716213855857,-1.5457297866907331,-0.28000288285433583,-0.5384597126920766,1.688189859032709
China,2025-09-01,2025,9,Illegal,8.504743310659535,0.5740712208940013,1.3995946451457935,-1.342127748485115,-1.365824155415439,-0.14896930976729691,0.5027844268951942,1.7963608229269636,-0.7704769151685671,-0.6748009308422259,-2.453513003795603
China,2025-10-01,2025,10,Illegal,11.572390256645896,-0.24268127681203333,-1.0263692076658921,1.23000057271915,-0.964705425750715,1.628468554772322,-0.2843846496065094,1.5905820726178506,-0.2984981094670156,-0.34979328188854136,-1.5344431555562583
China,2025-11-01,2025,11,Illegal,6.155038712157866,-0.13699548944245826,-0.5193963718261266,-0.3409078773460798,0.4283166923752375,0.07715649621771674,-0.5938114080687051,-0.16563141031763223,0.04670284151181573,0.20243498666858908,-0.07094269782069403
China,2025-12-01,2025,12,Illegal,3.213572465303829,-2.128734094414812,0.4581681147886987,-0.9797212247168068,-1.153332403205745,-1.6873443471107104,-1.7938924978678903,-1.3554475031122892,2.0855659740765025,1.757514555021421,1.5632815261837232
El Salvador,2019-01-01,2019,1,Legal,16.520963493832497,-0.5258796758952039,0.17775010626803134,0.4004813865063287,0.13106518621584873,-0.07744346072599365,-1.1952937635992447,1.4509275482792119,-0.21060502173801002,-0.4786929037285934,0.19016608930091974
El Salvador,2019-02-01,2019,2,Legal,18.102487651712632,-1.6826586941226858,-1.0240285908863795,-0.27981034237700614,-0.9645377949101914,0.5059655534558652,-0.7282722024066131,2.1650560678066024,0.47082530530611477,0.20377809429905072,-2.08827840549911
El Salvador,2019-03-01,2019,3,Legal,10.375994632430837,0.2125740306322149,1.0269862633197322,1.105900424357309,-0.5639474880582432,-0.8162172445419648,0.07814306296964744,0.861636124497944,0.23508571068351003,0.08641844649871303,-0.48591752803085525
El Salvador,2019-04-01,2019,4,Legal,16.71015047798325,-1.5769964821909972,-0.8028244439508423,-0.07397286359437803,-0.07566560432583026,1.9725421767898081,-1.385987942398998,0.5055892418358746,0.11665494566592864,0.10252549700653375,-0.038255715524149796
El Salvador,2019-05-01,2019,5,Legal,-0.08907705750179584,2.271449745422796,-0.40439742318396127,0.4914294527201996,0.5697603571986468,0.19548173155329082,-0.09884520123930605,0.4359753895000459,1.1162573052745615,-0.04857544314905017,0.24840149365136532
El Salvador,2019-06-01,2019,6,Legal,8.840776404991749,0.6820694900626313,0.12617790366196718,-0.22247489677826537,2.046862195719558,-0.6749340187905523,-0.4030759890650308,1.991553302204734,-0.15174333939728799,0.08967428906103994,4.076435165043318
El Salvador,2019-07-01,2019,7,Legal,11.084080542352385,-0.5501152829365389,-0.14702542343084998,0.8407344821295493,0.2078025073533134,-1.2926253471522626,-0.5321685631271895,-0.6073544332122114,-0.4625008875112015,-0.44741246132636403,-0.12620977407364806
El Salvador,2019-08-01,2019,8,Legal,11.687807585400904,0.4258436586298291,0.4182057558879721,-1.7760117540484022,1.063940987560856,0.2525688459966235,1.3845320475939062,0.4441983272906719,-0.7563033431135517,-2.458945190383479,0.4726008070105178
El Salvador,2019-09-01,2019,9,Legal,6.133057607115678,0.46654531145012695,1.3462257562027482,0.5222506360177785,-0.09791524644290406,2.2724347204468818,0.8890371222798921,0.5737444210044131,0.2436535856359414,0.4643002025540892,-0.05617832637788841
El Salvador,2019-10-01,2019,10,Legal,11.096696448933743,-1.2883076174635377,0.2927154821418534,0.1455211977682408,-0.6141225650083162,0.14098269961205998,1.5886269280435956,0.6954024745502987,-0.18747606758724258,0.23117889337578493,-0.42706235138395976
El Salvador,2019-11-01,2019,11,Legal,9.300466597673044,-0.1115088271429437,-0.8049664808525608,-0.38769991640856116,-0.41361566562964275,-0.4776455826040052,-1.2551353719733949,-0.12765468151819004,0.04323196296213597,0.4866158787955135,0.052799976066886224
El Salvador,2019-12-01,2019,12,Legal,24.904530677878366,-2.929448690002268,2.052972024501663,1.088769654216672,-0.37630072492499606,0.018819049740598424,-1.1716543473175618,1.6957228778108653,-3.1894948372592524,-1.2756616985904023,-0.6381017481921291
El Salvador,2020-01-01,2020,1,Legal,8.355167130798574,0.1566937282465246,1.0235306441853447,0.17528677893392386,-1.3367254388759306,-0.4118233689636573,0.13192796677195706,-0.4545477187434442,0.0274663389034809,0.02312522834675809,0.6076054988273835
El Salvador,2020-02-01,2020,2,Legal,7.435986723497478,-0.09139955750911515,-0.08087849786546193,0.05225849049748321,-1.060605066396601,-0.7170161491279362,-1.2845842656999693,0.9778155496862003,-0.004776402907564264,-0.0671304346422983,-1.0370761259985612
El Salvador,2020-03-01,2020,3,Legal,5.7994142296441265,1.153590343316926,1.3863493972628438,-0.3021805869826214,-2.6031370878272986,-0.3613105619672905,-0.06418416128881928,-1.0105982199289136,-0.34859260708099243,0.019395207533242656,2.630725707189204
El Salvador,2020-04-01,2020,4,Legal,8.443122961610008,1.5301951988633513,0.664927162301741,-0.9245641143780997,-1.597599169595432,-0.3270173176097708,-0.21345677935043805,0.4961991873633163,-1.4147635688627145,0.1973544781581392,-0.7927274096855622
El Salvador,2020-05-01,2020,5,Legal,7.508287735545425,0.5114995753618613,1.935154040060229,0.8155010224442626,-0.048088507330772585,-0.18315047105329468,-0.35667313417987123,1.1806409124521444,0.417128426687404,-0.2908673056020846,-0.05677525917346498
El Salvador,2020-06-01,2020,6,Legal,9.567430866021034,0.04522270899998256,0.05119790188108534,-0.5017841928115321,-1.372465547884101,0.32297450361766855,-0.06100397185538362,0.5002404694365699,-0.022692040532307056,0.03061082877575109,-0.6865628099590617
El Salvador,2020-07-01,2020,7,Legal,6.2908651800540705,1.2208212988130478,-0.8767737812118448,1.7120402840178925,-1.7476365098282616,0.43477006455689116,0.47543068252662346,-0.7955570679408823,2.0900952431549826,0.813956480743701,1.3903445775854089
El Salvador,2020-08-01,2020,8,Legal,6.093431606275422,1.2795186697601588,-2.2168188393540644,0.5027448074908146,-2.4932708203300775,-0.965664803523208,1.6291663649009451,-0.581782033392054,0.6432713673094742,0.8190549304926359,1.450540167648707
El Salvador,2020-09-01,2020,9,Legal,5.251930414568566,-0.19793772898468187,2.067906338163552,-1.8316822472060261,-1.0513099116393445,1.4974316831796264,1.8577023435377324,-0.10343122429028392,0.3625590242335195,-3.4027204032510947,0.10873827126936761
El Salvador,2020-10-01,2020,10,Legal,6.697764290598128,2.095843501809159,1.5944423917491968,0.678946987762233,-0.81240234893742,-0.04902934083803654,-0.16036008104483013,0.3308513046155777,1.4229666323743786,-0.10887599398269496,-0.2687843770187052
El Salvador,2020-11-01,2020,11,Legal,6.313070683251341,0.8794170411374032,-1.0773760769847582,1.3764964500195378,0.3131321400131553,0.6870657958589163,1.466540859278603,-1.1115802495135512,1.2105144352123214,2.0186882866055993,-0.34807150232653544
El Salvador,2020-12-01,2020,12,Legal,12.637053909623953,-0.531454551359215,-1.5678594253654559,0.3467099776049199,2.5115565515844236,-1.8400777445057528,-0.032280611049470324,0.6405429350747734,-0.1842605955997862,-0.011192009934034986,1.6087598051581633
El Salvador,2021-01-01,2021,1,Legal,12.632631118107453,-0.1131280525157404,-1.2992163634458243,0.23278674294016363,-0.7567639770159263,-2.1899217049785533,1.1945922205137307,0.9583858198420424,-0.02633471088030299,0.2780852321550491,-0.7252718645393331
El Salvador,2021-02-01,2021,2,Legal,9.256652776602866,0.22907468820570262,1.0743180127155618,0.2243396567780826,0.9040175547613144,-0.29748220087385013,1.3119837385739466,0.3207857259326839,0.05139053692861361,0.2943299816101048,0.28999592755999803
El Salvador,2021-03-01,2021,3,Legal,15.477915442873027,-1.270061088712032,0.2869558543017087,-0.8319549174944512,-0.6382827265284942,-0.8153756283161213,-1.0662349318992252,2.1247714030169615,1.0566335682723313,0.8870593947979217,-1.3562048843674401
El Salvador,2021-04-01,2021,4,Legal,8.212228445332112,1.9203675021442612,-1.222895019555564,0.07125374991089249,-1.2935076252040958,-0.695694877197064,-0.9181269834165748,1.2395840064415615,0.13683338573479248,-0.06541999046280676,-1.6034113644132029
El Salvador,2021-05-01,2021,5,Legal,6.08031163422151,1.0683793336940164,0.604120889588518,2.303638752104789,-1.479444223139724,1.259233239786799,1.1464408704007276,-0.9733788380270346,2.4611600350454297,2.6409856160518603,1.4400596988455534
El Salvador,2021-06-01,2021,6,Legal,9.119049248428212,0.3361449630262288,-0.22747625995340778,-0.8239354869719998,-0.7191094514491861,2.049812095785926,0.000682818957482628,0.7821300015314592,-0.27696176380420073,-0.0005625987702471624,-0.5624370763632387
El Salvador,2021-07-01,2021,7,Legal,9.135619000606903,-0.7798529462216388,1.0819848092499422,-1.3495762115515322,-0.41521376790527154,0.03402741107223205,0.11137260184005242,-0.1790932850161564,1.0524709847291,-0.15030581406193513,0.07436199767809101
El Salvador,2021-08-01,2021,8,Legal,7.916114862012115,0.6928557558178116,0.73463754545933,-0.9858038086678267,-0.2841550979287972,1.1947628618769377,0.8946471875738723,-1.372859451481064,-0.6830198429426243,-0.8819466049242829,0.3901050118780765
El Salvador,2021-09-01,2021,9,Legal,16.992387981279368,-1.9782252493748103,0.04693490206036963,1.897767016745977,-0.9478927172689863,-0.8343230454915821,0.7640297815728595,-1.542801515209646,-3.7542106299576,1.449950519280606,1.4624103204587806
El Salvador,2021-10-01,2021,10,Legal,9.503569419634426,0.5964411375817527,-0.6342858476894031,-0.23596998721097162,0.7441857103150346,0.42154608353656126,0.2668183962954019,-0.33912227927003896,-0.14074220760726355,-0.06296113356147794,-0.25236995428222747
El Salvador,2021-11-01,2021,11,Legal,6.37124702092985,-0.1237326800997567,0.45780560992578506,-0.49693202511797824,-0.18256897437954112,-0.9899577925520139,-0.0350076100062359,-0.8110008636288447,0.061486731295247066,0.017396402534939206,0.14806359589364027
El Salvador,2021-12-01,2021,12,Legal,8.313170206097215,0.25866114785538813,0.21273977585766032,0.7828737349485725,-0.43112556957509907,0.40805284683675586,0.5507975722736633,0.44477380783159476,0.20249901890763264,0.4312049526064891,-0.19175336123348194
El Salvador,2022-01-01,2022,1,Legal,8.121770864560107,0.1493634822711889,0.36414029605466136,0.007178466907941942,-2.0864776583710847,0.16048962397348007,2.2125310393972426,-0.3600392687569827,0.0010722008147387024,0.015882580849107496,0.7512138903977069
El Salvador,2022-02-01,2022,2,Legal,9.709120490511943,0.3733485597113982,0.3123782104665717,1.1927351654164147,-1.257868155908888,0.7313802525749924,0.5904220612514635,-0.14214653694054596,0.4453059561253547,0.7042171548922648,0.17880160229023917
El Salvador,2022-03-01,2022,3,Legal,8.292003946544117,1.0294574815983573,0.8723153800284503,-1.1430193120737286,0.8201581867554845,-0.06468860503251772,0.07287409801551453,0.0731969910016942,-1.1766897824257074,-0.0832965013816869,0.06003311141590703
El Salvador,2022-04-01,2022,4,Legal,8.514188193864147,1.191707497107065,-0.08371795984921201,-1.1195461283831687,-0.39352985596972884,0.1786947168104756,1.2292147842970504,0.6030946849488336,-1.3341715145514108,-1.3761626527111146,-0.23733576450402347
El Salvador,2022-05-01,2022,5,Legal,4.625692294629675,2.4851899166788916,0.2647753109779796,1.2753907379990148,-0.15171443357722914,0.5333592447054494,0.8394685045184047,1.218194711754256,3.1695882019008015,1.0706503555046576,-0.18481772068057287
El Salvador,2022-06-01,2022,6,Legal,13.160096340604104,0.8721970000729778,-0.3150867311941086,-0.5717460419560616,0.3326075103241977,0.9331280723410693,-0.22272070077660705,1.0651719657143865,-0.49867518259767585,0.12733967913070543,0.3542841955833938
El Salvador,2022-07-01,2022,7,Legal,12.38813802384073,-0.9163209190734197,-0.8369207037962799,-0.1403750589053363,0.30761266818919614,-0.524567013767051,1.3522026788671444,0.4240668615184512,0.1286286029911232,-0.18981553069792895,0.1304483387623091
El Salvador,2022-08-01,2022,8,Legal,23.277208730383013,-1.4359095238685273,-1.315815816427507,0.2810092502818063,-2.132595626154836,1.0126374096440718,-0.1581538443723203,3.2430929695947324,-0.4035038587748003,-0.0444426932362512,-6.916205882171226
El Salvador,2022-09-01,2022,9,Legal,10.884847732392013,-0.18144906924751675,-0.10633700253131496,0.9955815140020298,1.7031726099180378,-1.6380290574360168,-1.7863754653546866,-0.6220348055543814,-0.18064733907570185,-1.7784823903738993,-1.059432643235915
El Salvador,2022-10-01,2022,10,Legal,7.240359023510644,0.4968735905075971,1.0697714549838502,-1.1996975283653082,-2.3161438629688766,0.8580141953021454,-0.8281962729652346,-2.018487864388638,-0.5960980184419605,0.993585021677752,4.675108279580898
El Salvador,2022-11-01,2022,11,Legal,9.158585654769459,0.7931756882186773,-0.12205713212127726,-0.45784838618248924,-0.15936223214590656,-0.37058276240078286,-1.3480471119401671,-0.7146806769904318,-0.3631542088101067,0.617201194699771,0.11389310795674286
El Salvador,2022-12-01,2022,12,Legal,8.112788445733528,0.3216785413765001,0.16805980596682024,-0.9951484818533795,-0.18150316213566714,-2.1770650464428547,0.17847666388538974,1.4288577078135674,-0.32011791209563356,-0.17761078111180148,-0.25934219221008364
El Salvador,2023-01-01,2023,1,Legal,16.675808370781333,-0.5859276733177553,0.32910677871012955,1.252842634427484,-0.4482246163001495,-0.6922503292658964,-1.9689231424160831,0.10343812930810638,-0.7340751698233827,-2.4667508567298055,-0.04636351581993123
El Salvador,2023-02-01,2023,2,Legal,9.727170804527573,0.2773584619646759,-0.022278979183713316,0.32208231076698546,-0.01109200394860206,-0.8130143722601298,0.8232799156777053,0.2257615231117544,0.08933225434035985,0.26516389764952425,-0.002504147705797995
El Salvador,2023-03-01,2023,3,Legal,9.696161209224023,-0.97536602727825,1.3035079319347591,0.6647027453331099,-0.552920837367302,1.0018248536819372,-0.49757083838520716,-0.782003492511037,-0.6483284760365017,-0.33073670227234436,0.43238602590335723
El Salvador,2023-04-01,2023,4,Legal,6.702035558404314,-1.7710685530880912,0.47154238041820573,-1.8311448783383502,-1.2284438312657626,-2.0755880090785332,-0.08606969279089306,-0.15032046027187207,3.243083110173371,0.15760607713419905,0.1846602421340114
El Salvador,2023-05-01,2023,5,Legal,16.50467913647074,-1.0425776946705763,-1.17223375343664,0.46436986354657417,-0.5505519317084877,0.31635832153614474,-0.8852486861242225,0.18106274277108234,-0.48414166181087737,-0.41108281158028925,-0.0996844427930564
El Salvador,2023-06-01,2023,6,Legal,9.316031246206656,0.5861658003927833,-0.4124138182164804,0.25719897035592737,-0.24066517453021302,0.00788018469472816,-0.325611052148504,-0.1643352058853914,0.1507612403188819,-0.08374682734910541,0.03954976100586621
El Salvador,2023-07-01,2023,7,Legal,10.217246094502233,-0.9933586995819507,-1.0158788269899783,-1.388542553831211,-1.60027110450371,-1.2172826922204794,0.15946250680412918,-0.8927875154918841,1.3793208255879725,-0.2214204764381324,1.4287020635033203
El Salvador,2023-08-01,2023,8,Legal,10.374174998517358,0.03471374875256186,-1.9685042134380537,0.6549755842216898,0.8107986455917099,-0.9938626748348534,0.4201915428949916,-0.856498237409199,0.02273665786973416,0.27521520129266036,-0.6944476108430653
El Salvador,2023-09-01,2023,9,Legal,12.654384773356782,-1.2644984069549656,-1.7931064525345768,-0.3828171896129687,-0.12372894627483615,-0.39767969361460404,-1.1840305582225594,-0.3998990621311371,0.4840717264205759,0.4532672507146347,0.04947908957378082
El Salvador,2023-10-01,2023,10,Legal,11.574973797488115,-0.04489303012253698,0.1825010305992134,-0.670115200454233,1.1717179147161598,-1.1761733365547806,0.4875602970867186,1.1818910929599615,0.03008350187956179,-0.32672156621579185,1.3848429668646491
El Salvador,2023-11-01,2023,11,Legal,14.041666411576445,-0.20252422706482995,-0.5282970466629789,1.036087651046256,-1.422974925261673,-0.9701242603796436,-0.3975577654917214,1.2376537575119981,-0.20983285069955823,-0.41190469140351593,-1.7611502630954643
El Salvador,2023-12-01,2023,12,Legal,14.528380510427402,-0.9680457585102453,-0.31030770538490365,-0.6143231440962944,-0.7097889922335351,0.9788895585567791,-1.3717431292635054,1.6087808557343735,0.594692913997096,0.8426935520616462,-1.1418949423163052
El Salvador,2024-01-01,2024,1,Legal,8.223303098601939,1.090861670603698,-0.4629395120252583,-0.14994071907910939,-1.4331518145247122,-0.524662407066803,0.4936548476431509,1.2960630617813962,-0.16356458330615703,-0.07401896283250223,-1.8574551287304621
El Salvador,2024-02-01,2024,2,Legal,7.048347844379342,-0.36550593698526584,-0.15129922023252232,-1.3957892021924851,0.5913492417584003,-0.7239903317426091,-0.19539035117702397,-0.4519493719118777,0.510169240181281,0.2727237423854878,-0.2672599183932741
El Salvador,2024-03-01,2024,3,Legal,12.296092796665373,-0.0070449854805546995,-0.21560957856802238,-0.37185788227866556,-0.7284616216803428,0.31952467078295543,1.653617268492285,0.13988723283912738,0.0026197333814830174,-0.6149106155609726,-0.10190248048636644
El Salvador,2024-04-01,2024,4,Legal,11.640265076503685,-1.3902219251534627,0.15776143929376948,-1.0973683189710666,-1.4769249275319014,-0.7393714074590362,1.1918993344135727,0.9500158286696456,1.5255854970023752,-1.3079525689881553,-1.4031020589120757
El Salvador,2024-05-01,2024,5,Legal,14.560107034413335,-1.5327005598899308,-0.1962806513879368,0.30170000890173554,0.1755362295785979,-1.8437935834807457,-0.8903178480198718,-0.06407776414871663,-0.46241577256248717,-0.26860890267296933,-0.011247969118492372
El Salvador,2024-06-01,2024,6,Legal,9.47066823993466,-2.1961278210999464,-0.16212397547985843,0.14304876987895235,0.8496119885162131,0.6928575842374367,0.5825713188088052,-0.7999405067019342,-0.31415338330529124,0.08333611052235856,-0.6796390445936974
El Salvador,2024-07-01,2024,7,Legal,10.15117667304268,-0.39305275706140097,1.00163182520856,1.3934545275244314,0.7105491022977853,0.42934082280173436,0.3796396483859655,-0.5561187467607805,-0.5477011438831696,0.5290105868712068,-0.39514967628184205
El Salvador,2024-08-01,2024,8,Legal,3.491281358967184,1.6690695258263315,-0.9425580057918765,1.6147787907098514,-0.3220281544920584,1.3254321090950785,-1.4068150094975382,0.5859042011646491,2.6951780705245088,-2.271695039788903,-0.1886776486101957
El Salvador,2024-09-01,2024,9,Legal,16.093021853781185,-1.4152671919241875,0.21853404241094568,1.0094717885959688,-0.8449414385934964,-1.4990159604584012,-0.09184476433495513,-0.08743532877718112,-1.4286723035729036,-0.0927146985263824,0.07387773248088675
El Salvador,2024-10-01,2024,10,Legal,5.282840448527079,0.9495945713644882,-0.059415181272494094,1.855503314794263,0.22423474453529177,-0.3464265060068996,-1.611567359102828,-0.26265952031616774,1.7619758748774452,-2.9902685768295334,-0.05889739043785815
El Salvador,2024-11-01,2024,11,Legal,11.616335945978262,0.9603047962814704,0.46248362406685406,-1.1793691216326172,0.1722543864110375,0.6715311717290534,1.5280313593878327,0.8875039674140593,-1.132553824090067,-1.8021130021483223,0.1528764513442702
El Salvador,2024-12-01,2024,12,Legal,13.228991737145533,0.06008599461516361,0.3883120054234496,1.2495049007061587,-1.3327773974796497,-0.349439327216956,-0.7725687487562409,0.3791531187261241,0.0750777447354508,-0.9653284377033481,-0.5053267068220963
El Salvador,2025-01-01,2025,1,Legal,8.9521734182268,-0.5969742867210739,-2.390304367469438,-0.41222074502447015,0.9134737320174066,0.5376299029498797,0.4281862478105761,-0.27999330187447974,0.24608518523261275,-0.1765072540817081,-0.25576652640315733
El Salvador,2025-02-01,2025,2,Legal,7.986756435135109,0.5152943216244674,-0.8342818100346248,2.184096733380456,0.570507208354516,-0.5806483025539507,-0.6113852473886279,-0.09294420661358828,1.1254526445894975,-1.3353245216585041,-0.05302533984784359
El Salvador,2025-03-01,2025,3,Legal,8.127967261617712,1.1168337755299542,0.18641616974404632,-0.7316317389085281,1.8904406851557827,0.049308331520222654,0.7688396759688971,-0.6082265074447593,-0.8171110372627571,-0.5625075090709934,-1.1498161354637795
El Salvador,2025-04-01,2025,4,Legal,10.738202504113472,0.31110999114319526,-1.8896492920961532,2.01527511046064,1.2906444609225471,-0.39719531614598763,-1.1022697404558555,0.34756161380355205,0.6269722217665116,-2.2213767729545952,0.44857847168485593
El Salvador,2025-05-01,2025,5,Legal,13.546737925860734,0.3556689485632294,0.19157739619408962,0.5062409893059261,1.4473056993918065,0.5681032051286461,-1.0496554989099411,1.3625628527124518,0.18005420038604777,-0.531378638198574,1.9720449825102901
El Salvador,2025-06-01,2025,6,Legal,5.351582578305423,3.152056734512085,-1.123494033239598,0.24288201315027502,-2.0820987031889877,0.5531491563792091,-0.5482002981667726,1.9234457948249533,0.7655778852421772,-0.13314799202832675,-4.004803995059347
El Salvador,2025-07-01,2025,7,Legal,4.121996971868594,-1.6891830379672617,-0.47126374070251964,-1.9754877712171375,0.7510994545073101,-2.0650830462563206,0.02845758118315888,-2.077811819856197,3.336960434851739,-0.056217603625749284,-1.5606433244628306
El Salvador,2025-08-01,2025,8,Legal,8.033421979167763,1.643378155804534,0.36064789143579495,-0.863493604964934,-0.031203488939083975,0.018016872044446585,0.47263034584340563,-1.3668583632808264,-1.419046528076282,-0.4081132811481458,0.0426507498199277
El Salvador,2025-09-01,2025,9,Legal,12.064677541720473,-2.704391631602775,-0.6298845523638104,-0.48827384245154465,0.6333268260712385,0.02263085267686914,-1.4055630538562867,-0.9849931258170151,1.3204836934564892,0.6862996731143365,-0.6238225700756783
El Salvador,2025-10-01,2025,10,Legal,9.752573709707526,-0.07906734186455633,-0.5791241096357468,-0.48083378951197936,0.696167997159289,-0.5176925728692147,-0.08809124402907328,2.169936588080543,0.03801824961537379,0.042357246689323835,1.5106404084866927
El Salvador,2025-11-01,2025,11,Legal,14.152728781498897,-1.8518427315746586,0.7835896647986067,-0.6786430612941035,-0.3182375277426204,-0.7811563781311142,-0.2598001407675125,1.5985381120963411,1.256740220391061,0.1763115628551037,-0.5087148167958954
El Salvador,2025-12-01,2025,12,Legal,11.403274015108353,0.8622235118869771,-1.4162270557926455,-1.1511537365528692,-2.839078659485427,-0.8093808210827541,0.9567031863856585,0.5169465157483709,-0.9925518174524309,-1.101312447779887,-1.467651820956547
India,2019-01-01,2019,1,Restricted,9.537864128178969,-0.6888855425754058,0.20475888240178416,0.7658782794806148,-1.6158867874104728,0.29964768783734813,0.9324348709546673,-0.4151002889633696,-0.5276024741067217,0.7141316146944897,0.6707550723861783
India,2019-02-01,2019,2,Restricted,-2.1253136528986882,2.814654444472553,-0.10434279298689202,0.39330705000532395,-0.7380570836613916,0.1812511626020504,0.46027162498230384,0.19484234027013805,1.1070234363398737,0.18102807502294668,-0.1438047694335386
India,2019-03-01,2019,3,Restricted,2.745697276077614,0.2063617713254507,1.4621959387176369,0.4486357645145273,0.961987189071841,-0.23701197001262772,0.7499002394237102,0.2792678382165259,0.09258127104516563,0.3364320672234833,0.2686520826840854
India,2019-04-01,2019,4,Restricted,8.477472659823444,0.31852100479887446,-0.9916966634403105,-0.6328802748847919,0.18932830729237413,0.29724427338012405,-1.189232465077129,1.0539857711828762,-0.2015856610736918,0.7526417693999322,0.1995493419683015
India,2019-05-01,2019,5,Restricted,5.037221581213986,-0.7047284356108838,-1.5375847964491753,-0.1449045790814313,-0.44594371386116016,0.11314045705302281,-0.3631166611555665,-2.00745686074501,0.10211837732891069,0.05261726694220208,0.8952127678966955
India,2019-06-01,2019,6,Restricted,6.408981077067992,-0.30561911106831274,0.6336610247740587,-0.6981996746110497,1.6786746733725662,-1.911640550651757,1.3111674978026244,-0.2243189708781048,0.21338316390281423,-0.9154567203263766,-0.37655857517007274
India,2019-07-01,2019,7,Restricted,7.97045131367004,0.0798014840587331,1.1395555360254692,-0.38736196455281124,-1.0986204251778122,1.4205042872710631,-0.1134806458821414,0.22155847362421105,-0.0309120596392207,0.043958085927628184,-0.24340866449477783
India,2019-08-01,2019,8,Restricted,8.054191998212458,-1.031955242094435,0.5954908976392573,-0.5898947564628909,-0.13216935564437185,0.07227896538428889,-1.500221861446936,-0.7788370428204348,0.6087449862159003,0.8849730095985452,0.1029383901015449
India,2019-09-01,2019,9,Restricted,6.836715131173788,0.8861911885847956,-0.06263957732723487,0.24312345851289308,-0.29424250563645765,1.356583385827982,-0.20035257779416388,0.23184209213484805,0.21545386667238697,-0.048710411635290586,-0.06821779810175616
India,2019-10-01,2019,10,Restricted,0.2002312448452389,-0.7773714848459066,1.558789184496894,-1.5304614097433769,1.6296421311127987,-0.3726755839519746,-0.24269874782528175,-1.890010171182943,1.1897370585915683,0.37144106773963304,-3.0800402031914365
India,2019-11-01,2019,11,Restricted,4.61984505518283,-1.0398065310268843,-0.6076463453734726,-0.1373109657888796,0.9577916144729056,0.20760335140062577,0.30767665340111383,-1.0955193888455623,0.14277683900888608,-0.04224737842919731,-1.049279284128762
India,2019-12-01,2019,12,Restricted,0.8037877422581673,1.7987250183513115,-0.7352010347632466,1.6562082520572956,-0.2430611988808665,0.0022879361435040493,1.0703651602299298,1.2718924219386565,2.9790632185753525,1.7727476110874392,-0.30914769692389876
India,2020-01-01,2020,1,Restricted,9.486638545436975,-0.3882430535215386,-0.05592044852221312,0.3379575282321183,0.8913036868697555,0.004229858994151577,0.6188862980231536,1.638359732270941,-0.1312096627214292,0.2091572835366311,1.4602760697920352
India,2020-02-01,2020,2,Restricted,6.69009772322839,0.3116528560047783,-1.5189108250900678,-2.6307301368290634,0.38837572923016833,-0.09482423128087224,-0.514782674914742,0.24353020418634463,-0.8198745605206189,1.3542542968156903,0.09458122064044339
India,2020-03-01,2020,3,Restricted,2.6602995639605975,1.1277802506338985,0.0861108682589779,-0.7469232850701676,0.990166238959289,-0.21713107494620248,0.5265366836723071,-0.47741070619280046,-0.8423653296407284,-0.3932825094784713,-0.47271596338982336
India,2020-04-01,2020,4,Restricted,6.364691821431969,0.08416823018569615,0.012828643543685113,0.4798270353668327,-0.26864575330974255,-1.8363597837703973,-0.4327738835883887,0.7938184671438159,0.04038619236207574,-0.20765660954640733,-0.21325596009703554
India,2020-05-01,2020,5,Restricted,4.113097602676964,-0.24638340251454802,0.9863765059059371,-0.7119732272589228,-1.5428032182428997,-0.16063111952549436,-0.484173951248737,-0.966246319753254,0.17541838623131695,0.3447188906252676,1.4907279317306783
India,2020-06-01,2020,6,Restricted,2.125861509009373,0.49150564724678397,-0.009288561567815747,0.30698107268623775,1.813407698515423,-0.3428788615575641,0.2783486346446696,-0.5092133625991345,0.15088293082316132,0.08544776244397034,-0.9234114319241962
India,2020-07-01,2020,7,Restricted,7.813672091281337,-0.5849076534177698,-0.4787585715216887,0.35947579754712566,2.3490757867007575,-0.7160434362758403,-0.4166253056154625,-0.06312301311124825,-0.21026014520377057,-0.14976671401443337,-0.14828074168322772
India,2020-08-01,2020,8,Restricted,-2.607162868722704,0.2635508119547848,1.2840957939481175,-2.4263920705352087,-2.3869298701956727,-0.4958781720101493,1.0973001875437087,-1.5656480316055963,-0.6394776003102057,-2.662480474052852,3.7370920528524563
India,2020-09-01,2020,9,Restricted,5.786901354481689,0.5711794062192087,0.24365722370271442,-1.0902084067994298,-0.9855396007209299,-0.9697437196346744,0.11053531747394013,-0.626315276183007,-0.6227045904508878,-0.12050653235833345,0.6172585072148197
India,2020-10-01,2020,10,Restricted,4.358087686169345,-2.854626662904391,-0.8568518651277994,-1.1260539609110505,-0.2563406783724922,-0.5380477584901385,0.7978437798957666,-1.8593367716600575,3.2144636606857837,-0.8984151485398724,0.47662364937025875
India,2020-11-01,2020,11,Restricted,4.766786592776376,0.5583364232117055,1.8566474365619547,-0.4817659710934752,0.32445860435251705,-1.803862792562365,-2.391956204313024,0.8447743757816999,-0.26898748912544485,1.1523631035839268,0.27409431495889913
India,2020-12-01,2020,12,Restricted,0.3922115962593202,1.1785126897984228,-1.373402888969749,0.5199021395287525,1.8688178405438531,0.4197056083572659,0.27658150559104877,0.008556080824349832,0.6127112688879851,0.14379531651086988,0.015989756489680124
India,2021-01-01,2021,1,Restricted,6.07766452270131,1.355572935710348,-0.6108576398050658,0.5044832563830169,-1.5630343065712535,-1.1794596645077804,1.4350873992222355,-0.34730228895784293,0.6838638488718425,0.7239775643538681,0.5428453923918312
India,2021-02-01,2021,2,Restricted,6.500866006746434,-0.07823065905851781,-1.8418977729578574,0.8920675997317206,-0.5898923177556078,0.6986888135170435,0.02521086754008211,-1.5431182279428701,-0.06978703625176257,0.022489798093635393,0.910273588052146
India,2021-03-01,2021,3,Restricted,0.6587257092805932,2.196223142152799,0.4929864585144592,-0.05751775300546313,1.0753434019568977,0.2106684652031108,0.20953423026279433,-1.0916251721591026,-0.12632182023522684,-0.012051938102445241,-1.1738719262913535
India,2021-04-01,2021,4,Restricted,4.236554387576617,1.0354434164169448,-0.8360621521000249,1.424495821246948,-0.09170602414512598,-0.8877695115385407,0.9976320769202445,-0.2867942357382693,1.4749848198236015,1.4211227247148022,0.026300759107296675
India,2021-05-01,2021,5,Restricted,7.6996177147335185,-0.29175863225853715,-0.059826143529903696,0.4935602043342916,0.2908970575900059,-1.9955317804517385,-1.121243740094392,0.9294099847908157,-0.14400045015381704,-0.5534012894695335,0.2703626298704204
India,2021-06-01,2021,6,Restricted,5.879372766905512,-0.5237313027714218,-1.3585740152574743,-1.0797363212758484,-2.0217986399619474,-0.10128071870153288,-0.5984375805810469,-0.9665878909853152,0.5654917101914225,0.6461547917697986,1.9542460833977973
India,2021-07-01,2021,7,Restricted,3.0364844534858957,0.3639706308527381,2.0931979322099448,-1.5118834195632136,1.159381043300522,0.973101561015072,-0.7790927393767005,0.20323595458603103,-0.5502811619942178,1.1778973949657177,0.23562791306413017
India,2021-08-01,2021,8,Restricted,6.648801474143739,0.18568858041873892,1.5091310134045506,0.605606232631313,0.508608373233442,-0.4303093199546424,-1.4840566649243352,-0.2084682105404079,0.11245416163004907,-0.8987539658562174,-0.10602867743384355
India,2021-09-01,2021,9,Restricted,6.49103112678735,-1.5271678565896476,-1.055089368176695,0.12626773623406817,-0.9846547848472624,-0.7925234471152126,-0.42359858172817705,-1.3656174041901492,-0.19283202810100888,-0.05348683398677883,1.3446617113065285
India,2021-10-01,2021,10,Restricted,6.371448771553409,0.7034279167873088,-1.307369782230964,-1.5978721344948377,-0.6300249795338944,0.7319555025098458,-0.19692180799688963,-0.4645810781156185,-1.1239878668601941,0.31465586967257264,0.2926976842316271
India,2021-11-01,2021,11,Restricted,11.694071608463878,-1.745707432859652,0.49470565377503267,0.3834350314036443,-0.40930847409572124,1.0059245117964166,-1.1274960989530387,1.1279089932535693,-0.6693653843401159,-0.43232150210954484,-0.4616627089474596
India,2021-12-01,2021,12,Restricted,6.164458111867466,-0.3365525898781734,-0.01987363536831157,-0.10726476581094174,1.2202828964177173,-1.0766791274710137,-0.7625192391465982,1.0363028920724797,0.03610023473634819,0.08179144761339734,1.2645826947042627
India,2022-01-01,2022,1,Restricted,4.5078379121186565,0.9005330773315916,1.6994359830087096,-0.40179502694163366,0.6813623265753054,-1.1536922813398585,0.7547332980678092,0.1994239859867671,-0.36182971206827913,-0.3032480858309034,0.13587999106686474
India,2022-02-01,2022,2,Restricted,13.714800114690176,-0.645572072035395,-1.6610834155671725,0.5032520647495048,-2.0634031524794545,-0.3173504922425348,0.9411818664199697,0.19189773587303607,-0.3248854781964286,0.47365171758064234,-0.3959623931540923
India,2022-03-01,2022,3,Restricted,-0.1942844951496725,1.0251091525817733,-0.6538983883255765,0.02731337985143867,-0.04737070254443595,-1.5821767633461272,-0.9403989164843533,-0.5607609069798603,0.027999195673652374,-0.025685472817818487,0.026563638123091076
India,2022-04-01,2022,4,Restricted,6.167019854198645,0.047493468251642953,-0.24907184465304072,-1.6728939013115742,0.4042128652773319,0.7158727446909593,0.2270344788648889,-0.3240681752089702,-0.07945153339030837,-0.3798045950805241,-0.13099252564641425
India,2022-05-01,2022,5,Restricted,6.4106375574293,0.6802203604766911,0.3074035697196884,-0.8246122504347609,0.2766007655111806,1.1954806508254787,-0.5966290586117302,2.0979393391324312,-0.5609180422442286,0.49198763069659174,0.5802916272000509
India,2022-06-01,2022,6,Restricted,9.120229024966138,0.032407013340136216,-0.6724855960063362,0.22327083592026087,-1.7422216926352752,-0.5460417988167212,-1.0921212003485672,0.1353383478922909,0.007235540958131258,-0.2438388133280633,-0.23578940554336877
India,2022-07-01,2022,7,Restricted,4.0799396349785075,0.6460061871145515,-2.3716593608588923,2.0420696529278803,0.2952799406208684,-0.7764991404930003,0.1571279189909405,0.17618982250269202,1.3191896303102755,0.32086615499911,0.052025320326596236
India,2022-08-01,2022,8,Restricted,7.920690459294754,0.1979166673420755,-0.6074722876203072,-0.40436199269002276,-0.6862791357550845,-1.4326712897396527,0.1458364702153839,0.5852994365163381,-0.08002997799301,-0.058970725703171786,-0.40167879145037044
India,2022-09-01,2022,9,Restricted,5.4457711378307625,0.8199252526352341,0.3243402100148682,-0.5327254982169035,0.8396638644311888,-1.357517539841935,-0.9006713825124801,-0.9642000714232447,-0.43679508871072553,0.4798106109786683,-0.8096039580560699
India,2022-10-01,2022,10,Restricted,3.879728534217975,0.9427885141400756,0.48730523704499484,1.0719298652117972,-0.8792827824119881,0.3485951198609804,-0.12517442838316423,0.8468821038849139,1.010603164885402,-0.134178208144729,-0.7446488526788455
India,2022-11-01,2022,11,Restricted,4.729790570807484,-0.3849428884100812,0.54090851856099,0.8761691671912328,-0.6683451948468017,-0.0610756713523761,-1.0584406336416528,-2.4980610174929394,-0.3372750899544485,-0.9273730484991677,1.6695670774755182
India,2022-12-01,2022,12,Restricted,6.9895427456785555,0.6089053562546319,0.2620668090867255,-1.9495617177543672,-0.35084943007647457,-2.2183477600510813,1.369701107654185,-1.0860545821180863,-1.187098572289615,-2.6703168442483523,0.3810416311680743
India,2023-01-01,2023,1,Restricted,1.7905126847246828,0.9458696436841456,-0.9005903525360619,-1.1327849512677453,0.3503702163863384,-0.8443240371830714,0.10248464215820753,-0.48282759080691834,-1.0714668982263844,-0.11609306037287744,-0.16916840746831444
India,2023-02-01,2023,2,Restricted,6.865810769006699,-2.230468019124459,0.22668424849459717,-0.5615577463306254,-0.5530898169141323,0.6958638390937854,1.1734422766324448,-0.2725447213618092,1.2525365940820654,-0.6589556003147939,0.15074171003891623
India,2023-03-01,2023,3,Restricted,3.091126804208163,0.500143033113884,-1.3569355696995753,0.223153054747697,0.551885971822154,0.6802302084176292,-1.936752702502465,-0.7613552698089406,0.11160844565014179,-0.43219228185428266,-0.4201812929804255
India,2023-04-01,2023,4,Restricted,8.853198098142322,0.09988695440921298,0.48074457976798396,1.4967104074459814,-0.4949654803680733,-0.4975724983092141,1.149672018878747,0.2965769385303051,0.14950184423235133,1.7207260758052534,-0.146795346845745
India,2023-05-01,2023,5,Restricted,10.660685458808349,0.2887280030098363,-1.1571166187132709,-1.3331283547778066,-1.5515122490589293,0.6620518347584733,1.188596823087008,1.849362141386381,-0.38491148763078464,-1.5845521272561107,-2.8693080153068213
India,2023-06-01,2023,6,Restricted,6.679015426183768,1.1628385775349859,-0.5800163326536847,-1.1564158167438567,0.8500793324175533,0.41768075223940065,0.10744437434089255,0.3873714806329899,-1.3447249233813852,-0.12425037390795594,0.3292964896540912
India,2023-07-01,2023,7,Restricted,-0.22714496891485547,1.2838168598535613,1.2949855848169558,0.544220352340347,0.8458028725629282,0.5140625524247758,-0.4611697320346189,0.7565646749131401,0.6986792638099831,-0.25097795405658374,0.6399045753211718
India,2023-08-01,2023,8,Restricted,3.738311806397177,1.0538915522958832,-1.194522939766035,0.28580328679473294,-0.8451539584261589,0.5533889830744267,-0.033925225927908885,-1.5947559581633328,0.3012056695713666,-0.009695941075450253,1.3478143107654426
India,2023-09-01,2023,9,Restricted,7.424945917929417,-0.5779207768327106,0.8811467208133691,0.0013256887344072295,0.39542098538803827,-0.9575689550152122,-0.5893322314273619,-0.4586386361010845,-0.000766143063226999,-0.0007812711000263279,-0.18135534142411674
India,2023-10-01,2023,10,Restricted,-2.918224430331183,1.6773770878054892,-0.8051717517428763,1.0768481446576803,-2.169677417725702,-1.1941894010922893,-0.9587784561867747,-1.3525086894407221,1.806280404894644,-1.0324588016824834,2.9345075607573197
India,2023-11-01,2023,11,Restricted,2.614002587523561,0.41299891213779755,-0.21406769772786138,0.3794053976051097,0.690472686121513,0.26561699317253346,0.6577631761503737,-0.06953228624226938,0.15669401647011885,0.24955889937733236,-0.04801014445386967
India,2023-12-01,2023,12,Restricted,6.736927976169529,1.0578141808207961,-0.589112132781127,-0.9355962987624259,-0.17791787580439816,-0.912810919296513,-0.4174303819894322,0.3440539215634665,-0.9896870323543444,0.3905463203802984,-0.06121334288674497
India,2024-01-01,2024,1,Restricted,8.237967770696557,-0.8978300664256297,-0.4877053729487446,1.0743330047702437,0.4964001177339411,2.0750650393485417,1.1801281737415277,1.144293068559939,-0.9645684730361143,1.2678506469097557,0.5680272139552864
India,2024-02-01,2024,2,Restricted,5.4088872341027985,0.7638603516334226,-0.05310680169691065,-0.5509818035382495,0.16801534053252842,0.9452115346114832,0.5008315910042115,-0.8784738013420597,-0.4208731541943447,-0.2759490932804314,-0.14759707488139087
India,2024-03-01,2024,3,Restricted,5.297642288231804,-0.6375875420759638,0.21668311896428621,-0.3033500674771342,-0.2188662517356257,0.7662429750405095,-1.040193719815898,1.945195074276933,0.19341222391132376,0.3155428350954439,-0.42573755480159436
India,2024-04-01,2024,4,Restricted,10.068839006349226,-0.5976676832548571,0.37021188994174087,0.5843141664353096,-0.10047572057170599,-0.057390703001542885,0.41055008532761655,-0.2310694774576803,-0.3492256941463845,0.2398902308881515,0.023216872249688002
India,2024-05-01,2024,5,Restricted,4.044267509346697,0.8393491142316022,0.8728243510056347,-0.9661567233704171,-0.07938842440570287,-0.3004659487207037,-1.0056013756894657,0.36016418394576694,-0.8109427899698667,0.9715685301529181,-0.028592867090820182
India,2024-06-01,2024,6,Restricted,5.81149274421267,0.655403829850237,-1.0701915628943317,1.719040612841821,-0.8963326585920618,0.21930233720043607,0.7918593103880676,-0.5706404302001128,1.126665801324628,1.3612383142140054,0.511483653901385
India,2024-07-01,2024,7,Restricted,5.162056985113001,-1.2291835978004162,1.4521176991825604,0.014149264965758293,-0.5964114079688799,-0.2991817724274346,0.8089192693927194,-0.5844552918504382,-0.01739204441684216,0.011445613078545198,0.3485758035073825
India,2024-08-01,2024,8,Restricted,7.487800103366771,-0.22153659758373817,-1.176962112769968,1.8205439079418155,-0.5663945912147232,0.8316167861804036,0.2094700836477726,-0.9845340504819681,-0.40331710311723207,0.38134948468101487,0.55763476105971
India,2024-09-01,2024,9,Restricted,0.9206759784391809,0.784002779310748,-0.18826133508630657,1.1931129458510281,1.0215153927818639,0.9189148546583293,-0.45965677227299695,-1.079842447781487,0.93540386557884,-0.5484224456470106,-1.103075682188035
India,2024-10-01,2024,10,Restricted,7.386236016584003,0.19624094066672046,0.5457867135323555,-2.1715714047604475,-0.00811320161175029,0.15808922532318442,-0.2775442563155516,1.2912738390158789,-0.42615121519514176,0.602707170570356,-0.010476364991914613
India,2024-11-01,2024,11,Restricted,0.7955435999216911,1.310191908080897,-0.21596052035023222,0.9374774925069249,1.6350663945275195,1.311693449272661,-1.092141593428733,-0.253676077542381,1.2282754246905427,-1.0238581624700862,-0.4147772294851043
India,2024-12-01,2024,12,Restricted,4.350912015822014,0.4892545350763279,0.6863535550145331,-0.8388926740257363,0.06783851391693768,-2.0199273321561364,1.44194500580189,-0.5123742406766936,-0.4104320452093991,-1.2096371017152032,-0.03475870705682625
India,2025-01-01,2025,1,Restricted,3.5593934913960834,-0.30964971398806085,1.146027575013415,-2.837506441397379,-0.016610342325908987,-0.10581875749769788,-0.4536363875916828,1.7262265456356325,0.8786330580179788,1.287196171843638,-0.02867321385507921
India,2025-02-01,2025,2,Restricted,0.9816110596113687,0.7717961772356612,0.35625278870608357,1.261519252535516,-0.6671890847775054,-0.732968899123759,1.0960699074773985,0.4253213083301104,0.9736357366160998,1.3827132904075599,-0.2837697344411375
India,2025-03-01,2025,3,Restricted,2.373208729730057,-0.5393050144632704,0.386382653848061,0.8377642215465891,-0.6792306531929551,-2.914255989816941,0.5232231857370332,-1.2203206899439758,-0.4518104456179937,0.438337664894112,0.8288792193355242
India,2025-04-01,2025,4,Restricted,10.303462305485922,-2.832325924984141,0.8139808601977412,0.12861745040496653,-0.22565638071225164,1.3890243629627617,0.6373246830230725,1.6163000427219165,-0.36428653918734866,0.08197107581058105,-0.3647284177856854
India,2025-05-01,2025,5,Restricted,9.27520261971171,-0.034550623953963515,-1.6167133749480143,-0.22938233185546722,-0.24861585376667725,0.6266136372630706,0.04556388114189831,0.6234071382799156,0.007925302689621515,-0.010451549304713984,-0.15498889792770223
India,2025-06-01,2025,6,Restricted,3.4177421302325612,2.154928677383142,-0.3152966552861244,-0.941022700666379,0.24608361531640882,-0.8022800271395435,1.481960768436536,-0.28321803894523256,-2.0278368037345125,-1.3945587245957713,-0.0696953189464663
India,2025-07-01,2025,7,Restricted,7.666045429270589,-0.4713157211511178,0.718417423471641,-0.15774698323148525,-0.6416668201303822,1.6653519176235307,-0.8561698406617501,0.03556607403299353,0.07434863316116076,0.1350582094981725,-0.022821569629272717
India,2025-08-01,2025,8,Restricted,8.354763812284663,-1.6313351104170732,0.4802605014059249,-1.0551076754804494,0.8227827808340025,-0.9626510119189764,0.6927690318488607,1.105833066294713,1.7212341962818003,-0.7309459228388928,0.9098604054241557
India,2025-09-01,2025,9,Restricted,4.416526757528386,0.2513166482381024,-0.23130094292969955,-0.5764195763348441,1.471034690817104,-0.6994952201676432,-1.0370660735699961,0.66536893503283,-0.14486383590330001,0.5977851867584574,0.9787807856253248
India,2025-10-01,2025,10,Restricted,8.070027835641092,-0.9500634974661273,-1.443604262169765,-0.4829098394605177,-0.0827150238964932,0.24309172766069878,0.9513062442994834,0.5268979236657937,0.4587950110386655,-0.45939514571245155,-0.043582374347028774
India,2025-11-01,2025,11,Restricted,6.402795110199022,-0.19819567637971988,0.5101574689151834,1.2725701629285695,0.1263141994832002,-0.46913085421040895,-0.9928660010855455,-1.4452052644122255,-0.2522179041822782,-1.26349164876767,-0.18254994606313693
India,2025-12-01,2025,12,Restricted,2.885690012065821,0.5779785236395572,0.5773635251066616,-0.1286594463520559,1.4069347458917507,-0.4841184945848177,0.9552692372072055,-0.038742894989543024,-0.07436239685484407,-0.12290441117622981,-0.054508725117223496
Japan,2019-01-01,2019,1,Legal,7.282762687228616,0.4096361186839935,0.356972759266926,0.08127842205619876,-0.037893081716830875,2.3883719928704386,1.184256645196173,0.7228268949855121,0.03329457734386075,0.09625451143111256,-0.02739013859880914
Japan,2019-02-01,2019,2,Legal,4.347312897544003,1.0071572005966691,0.5179947763914519,0.026204752774035625,-0.3035643252659147,-0.0809173376626882,-3.1704257358780557,0.21060083929764178,0.02639230544622552,-0.08308022259712441,-0.06393090168182396
Japan,2019-03-01,2019,3,Legal,8.94934809703021,1.592669998282884,0.01934407081175429,-1.1889634195349619,-0.0498801541281177,-1.0461210850625042,0.4734074157124664,0.29094736433948537,-1.8936263673491596,-0.5628640998187033,-0.014512499376423146
Japan,2019-04-01,2019,4,Legal,7.040517313880156,-0.7908817916945654,0.0340080962281468,-1.3650217954266353,0.7014947819247145,0.518871180440122,0.49580502102757085,0.00161903135694112,1.0795708832691497,-0.6767846599845954,0.0011357420486666856
Japan,2019-05-01,2019,5,Legal,5.3566199347799826,1.6043391083085963,-0.28509425704201397,0.1386451837100845,-1.0861262991814098,-0.8682609615983323,0.09781329309330739,1.1039335467019071,0.22243389040471848,0.013561341990209941,-1.1990112576215504
Japan,2019-06-01,2019,6,Legal,8.048199239902814,-0.23591652931212392,-0.4068852445043747,-0.5347566708443231,0.29497145570882155,-1.4972576451786446,1.2809395766667275,-0.6654222981294604,0.12615793781209855,-0.6849909835710358,-0.19628058394035638
Japan,2019-07-01,2019,7,Legal,8.511246352388724,-1.2699985973938759,0.6688401305462182,0.6719446078144975,0.3842020720058965,-0.9944285217997922,0.249548189598077,-1.183056184734389,-0.8533687094507898,0.16768256039029772,-0.4545326374743429
Japan,2019-08-01,2019,8,Legal,3.83037748857271,1.029413100955326,0.796701927070742,0.015182942540433121,-0.9748065759228419,0.6455877121741934,0.019381237698025213,-2.3203155982304233,0.015629519962173793,0.0002942642183315931,2.2618589033713596
Japan,2019-09-01,2019,9,Legal,2.876249470785308,-0.024232833869692143,1.202451247983072,-1.0952705188428047,-3.1767038131960006,0.27908385834518495,0.2915636766819725,-1.690671627606452,0.026541508525489206,-0.31934109943517974,5.370763006279705
Japan,2019-10-01,2019,10,Legal,-1.2122310175363373,2.7552177437199017,-0.30561061415380336,0.7309589763762162,-0.6506598273683838,-2.0903028988531567,-0.1702582467959055,-0.2656045602861052,2.0139511416430875,-0.12445179379754429,0.17281821734401268
Japan,2019-11-01,2019,11,Legal,6.517699139866753,-0.11464083550639245,0.26426827164563654,-0.15011695125380659,-1.2640061679473638,0.4861847915619389,-1.9493717553224232,-2.0503574572842003,0.017209532715408773,0.2926337447692836,2.5916644725041027
Japan,2019-12-01,2019,12,Legal,7.44590206831707,0.5070202721353568,-0.05739536507403601,-1.3954485047550718,-0.7079109406740752,-0.2627467476865041,-1.5958939685741136,-0.7390286580232329,-0.7075206806317933,2.226987852194384,0.5231664724863263
Japan,2020-01-01,2020,1,Legal,4.040028723042211,1.4273053642892164,-0.4194347526585506,0.7564883543160984,-1.9140600705874673,0.6594512411136115,-0.803948414727481,0.30734561670797006,1.0797398861376886,-0.6081776132122283,-0.5882779728108058
Japan,2020-02-01,2020,2,Legal,3.469259229776173,1.3204140097838342,-0.8744356483399182,0.6276062975618311,-0.2795074632965335,-0.15830547800966377,-0.18385389315920966,-0.8456731044941129,0.8287001479292035,-0.11538786117798004,0.2363719442152538
Japan,2020-03-01,2020,3,Legal,5.6011582261594866,-0.0626482221218215,0.2412402484067293,0.0845051456928626,0.7979945496122365,0.9235086160473687,-1.0506233218278012,0.868772500590771,-0.005294097137803344,-0.08878307687937761,0.6932757203244287
Japan,2020-04-01,2020,4,Legal,6.89971518492711,0.5878558881377351,0.6197387847028688,-1.911316891662504,0.09297924652940966,-0.4684961133603157,-0.758765257935375,1.3508523306990055,-1.1235788888609166,1.450240854298539,0.12560123188089045
Japan,2020-05-01,2020,5,Legal,6.056761224057528,-0.8063769291180498,0.07569494000509344,0.6855897462984164,-0.1416485860101269,1.1663705456692521,0.5309756619640905,-2.1782113197314303,-0.5528437542549399,0.36403146937659453,0.3085405534712095
Japan,2020-06-01,2020,6,Legal,9.939284268180183,-0.5618420993516988,0.4793609534294221,-2.6248170563741122,2.5490097087177226,0.53102609489421,0.1488768039176911,1.1815677164191463,1.4747327253673777,-0.3907743742216198,3.0118275806598325
Japan,2020-07-01,2020,7,Legal,1.3520555238914316,0.8707466445884032,0.94881309647162,0.13069002446438233,-0.14152575336694828,-0.47579544400490115,-0.8261119917145421,-0.6870140996994973,0.11379790028353724,-0.10796459640749312,0.09723018803368708
Japan,2020-08-01,2020,8,Legal,15.02235423704424,-0.07587145068502332,-1.6846675772263868,0.1909165241437107,-0.03633060804234174,0.14693529838668778,-0.5221315700199924,3.0768603701805035,-0.01448511364652561,-0.09968354449391545,-0.11178420811004239
Japan,2020-09-01,2020,9,Legal,9.30633245259628,-1.2445425000847228,0.23286808742689824,-0.6080061429373236,-1.014479726707414,-1.340072071123935,0.43221669075925395,-0.6813802350695739,0.756689485198086,-0.26279040306166795,0.6912464346572148
Japan,2020-10-01,2020,10,Legal,7.514493363914312,0.993782214530439,1.3739143852114495,-0.8523867660741036,0.4753656106920102,0.6324542166423008,-0.47417817510396487,-0.7717719573928751,-0.8470868080255619,0.4041832012197886,-0.36687384784103216
Japan,2020-11-01,2020,11,Legal,5.351120275907175,0.22749587573205374,0.635967750711738,-0.8220760118279274,-1.2192844665221938,-0.5694497744921104,-0.12402138738999703,-1.0642200068173489,-0.18701890222910852,0.10195500752693518,1.2975869232745367
Japan,2020-12-01,2020,12,Legal,10.8154654235748,-1.6885051880685,-1.1200474224698722,0.6709112482768751,0.6037905202778941,-0.3918767653868664,-1.017764309076953,-1.027403551526011,-1.132837123449017,-0.6828295230544699,-0.6203365249112464
Japan,2021-01-01,2021,1,Legal,8.031275221386537,0.6445184916452914,0.9282456913443246,-0.49653173548196905,-1.1534924259847839,0.2678436378663333,-0.8235349706258495,-0.5182526388612024,-0.3200238852068575,0.40891124819494545,0.5978004936730245
Japan,2021-02-01,2021,2,Legal,10.798347485534748,0.827115428565768,0.1579743122514517,-1.2719190011127228,0.2113965674706589,1.0626572907875265,-0.3756336657655356,1.3511140899867151,-1.0520238297062934,0.4777755969448104,0.28562088088443455
Japan,2021-03-01,2021,3,Legal,2.260336040898708,1.6637328321434735,0.30524312653135294,0.5873916998060122,1.41418728833109,0.4473939370689756,-0.5012341077902127,-0.4485428365278611,0.9772628562958258,-0.294420754575643,-0.6343235776896713
Japan,2021-04-01,2021,4,Legal,13.362153646483783,-1.2905614219462187,-0.14325891536419263,1.0965471182302537,-2.191253851165281,1.534482101794515,1.1223742187031596,-0.4597646158304763,-1.4151614081342647,1.2307362150948822,1.0074609850680571
Japan,2021-05-01,2021,5,Legal,5.76991137778869,0.003147726906326633,1.229990368438683,0.9826831427699412,-1.4000707231830092,0.5872624134641767,-0.20562785364324765,0.0828325705180999,0.00309321816889056,-0.2020670254591841,-0.11597145690838374
Japan,2021-06-01,2021,6,Legal,8.149190086653771,1.7481370691208353,1.040061819902576,-0.7397711639729673,-1.3346106069102326,-0.3856726309778482,0.43450264609130573,0.240205843946223,-1.293221394407812,-0.3214325282482995,-0.3205812671724533
Japan,2021-07-01,2021,7,Legal,6.189107508143082,0.7899197221808523,0.9695690257529068,0.3268554006104374,-1.3892987302109905,-0.19569853114690144,1.0600897399086655,-0.05152292852464606,0.25818952724350785,0.34649605662086125,0.0715807391760424
Japan,2021-08-01,2021,8,Legal,9.389784393359163,-0.3187483152461331,-1.029811848541845,-0.12334406404611045,0.3090474430326539,-0.6556877194614437,-0.2357112448566685,-0.9394632419859826,0.03931571261030885,0.029073582881989343,-0.2903387127589353
Japan,2021-09-01,2021,9,Legal,3.4950737986472245,-0.294455757588034,1.452755545126183,1.5287478505409084,-0.08104596472174376,-1.0084487325473497,-2.0858978777333372,-1.4720370730267915,-0.45014860649210175,-3.1888118970326818,0.11930266468962829
Japan,2021-10-01,2021,10,Legal,4.688837559177594,1.3784696274615047,0.1158245872269461,0.3896045240919878,-2.220421008935126,-1.1979664292172616,0.887079776446287,0.2867741123825862,0.5370580031823993,0.3456102941339826,-0.6367592639530173
Japan,2021-11-01,2021,11,Legal,3.948557710605349,0.5648423586001226,1.6357978061358152,-0.22104246353705057,0.06936980265806943,0.19259691873130513,2.3921096352739926,-2.0993562644190256,-0.12485414645504923,-0.5287578068316788,-0.14563192977172962
Japan,2021-12-01,2021,12,Legal,5.9070154017474,-0.11480224875906367,0.5667717261841796,-0.6573725539947244,-0.048965030858450255,0.7114105794654954,3.1129102010438414,0.8080361894020714,0.07546784747108336,-2.046341729216421,-0.039565516948816985
Japan,2022-01-01,2022,1,Legal,8.738334760243,-0.4237596820227031,-0.4534141083838538,-1.795643172630015,-0.3300901917014373,0.732829081821745,-1.2742321190767951,1.0484826510505925,0.7609211798599329,2.2880662049661233,-0.34609383928092124
Japan,2022-02-01,2022,2,Legal,9.853731183586468,-0.7342333219710379,-0.14152963733784743,1.598321807641033,0.7335478135058658,0.008783654898147817,-0.2376833169609843,0.07660907045165961,-1.1735411304030299,-0.379894428811197,0.056196416124531745
Japan,2022-03-01,2022,3,Legal,6.555252429107409,-2.1047495057190146,2.042177910534731,0.15532499919940146,0.3981472651225371,-0.057907749876908735,-0.7351168007245882,-0.18592448094877073,-0.32692021529074655,-0.11418201648401322,-0.07402532360908032
Japan,2022-04-01,2022,4,Legal,8.219883068182408,2.2770864980533045,-1.234511998422396,-1.0319662838471795,-0.4402592043864004,1.2880757248523775,0.014508999262654136,-1.2361357960304624,-2.349876491394656,-0.014972798051422657,0.5442201620739211
Japan,2022-05-01,2022,5,Legal,6.990535245193351,0.7310006267854814,0.5384349572164524,0.7157342411708404,2.394361900582451,2.185094895036112,-0.6867153430032953,1.6238849928111523,0.5232021789077153,-0.4915056849248369,3.88816835771463
Japan,2022-06-01,2022,6,Legal,5.241075383407495,0.4990958161377494,-1.6922708316433286,-0.17038576538819597,-0.8128235903365649,0.8280588148933092,1.071080500402805,-2.0744863510163114,-0.08503882263467676,-0.18249687085350388,1.6861914439372778
Japan,2022-07-01,2022,7,Legal,0.552841080715492,1.1218615047942522,-0.18667896231344497,0.7290636450023644,0.35116546762708406,0.34166023195262635,-0.27131497806829746,-1.2165808041357096,0.817908437873135,-0.19780588685420952,-0.42722116699045043
Japan,2022-08-01,2022,8,Legal,3.0293261132542577,0.7093525144553172,0.019458255518883118,-0.13851224460722475,-0.42389004232235256,-0.30518884548075176,1.0469117944881394,-0.33524408186802673,-0.09825400899498483,-0.14501010256032978,0.14210662805135607
Japan,2022-09-01,2022,9,Legal,3.6311174566797546,0.7436517755401733,-0.20487666386471723,0.03139586553277645,1.6075783063995106,-0.020560557350507186,0.28918367311872534,-1.1789234912983253,0.023347591148069734,0.009079171715509881,-1.89521182951596
Japan,2022-10-01,2022,10,Legal,10.400615603973307,0.6095260452086012,-1.5553737338412423,0.20084509311570958,0.1007910726448063,0.04128745558743938,1.0371588986582432,0.3344385148485215,0.12242031530637172,0.20830827557680165,0.03370841664531846
Japan,2022-11-01,2022,11,Legal,10.348460465560844,-0.9935895155940362,0.13592456721834797,0.0844667863899474,-1.0692544937550796,0.9562950020913461,2.324673305852818,-0.01700607448383099,-0.08392531337297277,0.19635768355188282,0.018183821562969882
Japan,2022-12-01,2022,12,Legal,6.416726095365909,0.08451847581532723,-0.7135846699071756,-1.8207602778020162,-0.7057734830953651,-1.3919583809517313,1.7041020780591178,-0.11510969392323915,-0.1538878835049182,-3.1027613730499124,0.08124136961824588
Japan,2023-01-01,2023,1,Legal,7.51965798625723,0.8891538247878058,-1.1217511028558877,-0.7668640380045524,0.06807226924862103,1.0287689914234803,0.5016850451687882,0.2483251425158822,-0.6818600924839691,-0.38472421954463315,0.016904055962543324
Japan,2023-02-01,2023,2,Legal,11.017999832322271,0.40023585552677515,0.20165290512925463,-1.0299722747769358,0.04607922163315134,-1.0736886589177526,0.08108254290082371,-0.4806479414882414,-0.41223183456420565,-0.08351277115625988,-0.022147883023354634
Japan,2023-03-01,2023,3,Legal,7.757089392618228,-0.03989438375171192,-1.4042395662615887,-0.13418021067692457,0.5193587456378881,1.6733639461525236,-0.5894523999387185,-1.58242797402364,0.0053530368166307815,0.07909284720779604,-0.8218478076512222
Japan,2023-04-01,2023,4,Legal,9.002767364232302,-1.3805987058996512,-0.43615544150748503,-0.25762048551099404,-0.06963345330010817,0.6891644570743356,-0.6836342822863877,-0.2737292521667607,0.3556705089097182,0.17611819571457915,0.019060713097627663
Japan,2023-05-01,2023,5,Legal,4.872504964078717,0.14959795751878804,0.09782717470792267,0.4360057752225798,0.8438395096417373,0.39263411565096784,0.4535855235092182,-1.5822231667464777,0.06522557343969373,0.19776590780737638,-1.3351424211711445
Japan,2023-06-01,2023,6,Legal,6.656177849297028,0.4795075480016086,0.7289411945704503,-0.6923507742337942,-0.659039274888645,-0.5741006752835983,0.5364138998913434,1.0338810549242086,-0.331987422109862,-0.3713865788995406,-0.6813682207583578
Japan,2023-07-01,2023,7,Legal,6.673804971629563,0.9079623136270489,0.12347980916459421,-0.12428577716243629,-0.21138422981796898,0.7466113646021572,0.3255778167870701,2.2758254276476375,-0.11284680178334149,-0.0404646919862303,-0.4810736052234457
Japan,2023-08-01,2023,8,Legal,4.472699767642439,0.5181017020299757,-0.5292010098115129,-0.8692869869886438,-0.010867137034972144,0.13735247940703602,2.9181735550600925,-0.184145815683202,-0.4503790675113257,-2.536730297188127,0.0020011378134460788
Japan,2023-09-01,2023,9,Legal,7.2364452605446035,0.2730107174943857,-2.0746400375463683,-0.09195678260426586,0.016025282295160426,0.7946003829452114,0.9736222494278469,-0.5035696189077177,-0.025105187197265868,-0.08953116952931282,-0.00806984529826253
Japan,2023-10-01,2023,10,Legal,14.47836076518414,-0.7661208306106709,-1.128062554807694,0.30989477938063453,-1.2735855485965992,-0.41462690057186324,-0.9951739598992377,0.5496831862902597,-0.23741684578100236,-0.3083992147483267,-0.7000685623658071
Japan,2023-11-01,2023,11,Legal,11.020794587501072,-1.301587982803331,-1.8530184828975687,-0.1248868853500674,0.01569779595775838,0.21865930675729758,-0.44632051523434463,-0.200639298825432,0.1625512691813851,0.05573957901545461,-0.003149594774069342
Japan,2023-12-01,2023,12,Legal,6.199807487838743,1.040430892644839,-1.9550487703182828,-0.3689394390314622,0.2138087939410634,-0.917976104610736,1.7311696317672995,-0.635409880228737,-0.3838559898833903,-0.6386967528125305,-0.1358562201499418
Japan,2024-01-01,2024,1,Legal,8.363813715707595,0.5560220968422908,-0.5912847888018945,-1.8465730478044171,-0.4286545269165333,1.0294405559270405,-0.33689512678513855,-0.8464343014589786,-1.0267354180126715,0.6221014610580888,0.36282789505782476
Japan,2024-02-01,2024,2,Legal,8.42015541547975,-0.3307748960230527,-0.5101608136502173,0.14945608966330953,0.7707502096187874,2.381713531732546,0.8272361076574231,1.1598399663883443,-0.04943632251839326,0.12363547387877499,0.8939468972180636
Japan,2024-03-01,2024,3,Legal,10.960374126927059,-1.0258681059694763,0.06233134961912296,0.10716991525959621,-1.0785127413645972,-0.17529452990401284,0.3993176017191309,0.36039339501808026,-0.10994219798427124,0.04279483353790445,-0.38868886843064393
Japan,2024-04-01,2024,4,Legal,5.267237936482567,0.29096473013744295,-0.5070086592700558,-0.5139006266488432,-1.198951397993876,1.784775039185095,0.013450364619293007,-0.22485305579485193,-0.14952695715034348,-0.006912150806510105,0.2695878855884327
Japan,2024-05-01,2024,5,Legal,7.4257875146713594,2.9356579023277782,-1.0733280322228955,-0.4288479256060734,0.4158368362860605,0.6002129657442777,0.957932055215684,1.8076085077692632,-1.2589508017023445,-0.41080717475080863,0.7516702031145372
Japan,2024-06-01,2024,6,Legal,11.147621792531453,-1.0560307999666676,-0.2569451251217815,0.30783237251388496,2.068226041505824,-1.397805478424297,1.2025765052252275,0.1799143695464168,-0.32508046660147516,0.37019197873293813,0.3721035843370015
Japan,2024-07-01,2024,7,Legal,4.339890915812984,-0.10199471663593196,-0.8424326301263262,0.750872779401332,0.6544310271056212,0.9720569657397219,-0.01330463537863531,-0.5998220233198494,-0.07658505636467351,-0.009990088545677189,-0.39254214280178085
Japan,2024-08-01,2024,8,Legal,3.1268502618813705,0.8193732681394064,0.42388948244398605,-0.9657826328639593,-0.5385736732966242,-0.4667588119514405,-1.482984431982418,-0.8176823966051338,-0.7913364722020227,1.4322406092162427,0.440382211929614
Japan,2024-09-01,2024,9,Legal,7.342209829829991,-0.4124790118879367,-0.7386974983295628,-1.6270049208667487,2.0225902305694814,1.2525407310292307,-0.7790194215199856,0.27242139665361004,0.6711053820959271,1.2674684322637846,0.5509968554696852
Japan,2024-10-01,2024,10,Legal,10.988882542113222,1.1910858547734768,-0.8186050266600786,1.092106783982426,-0.5479053042069351,-1.3358624041686133,0.7241365593144973,1.2907584241224281,1.3007929423036209,0.790834448957055,-0.7072133870264631
Japan,2024-11-01,2024,11,Legal,6.945799146336377,-1.1997252650902135,0.6989196850807888,-0.40980124379353305,0.7833587105240313,-1.4704895512312506,-1.262769775698564,-0.7758748231664838,0.49164890584449567,0.5174846247061523,-0.6077883010037576
Japan,2024-12-01,2024,12,Legal,10.362514766974513,-0.6410812665383554,0.6590543439134197,1.0268946182579144,0.5995775412453558,1.618787639660868,0.415826629455343,-1.216896710340167,-0.6583229024742048,0.42701012791601967,-0.7296239375353193
Japan,2025-01-01,2025,1,Legal,10.807116772828136,-0.6051562356059974,0.91041849968557,1.5737342165551063,0.45668801073039916,-1.4961588131646497,-0.9182121665097915,1.3227444668851356,-0.9523550743348417,-1.4450219044936536,0.604081539286415
Japan,2025-02-01,2025,2,Legal,8.75904470663162,0.07957353494216583,0.7588244161636093,0.6963228620803235,0.2787998123854607,-0.20866837122046583,-0.3126684457323573,0.857898825291343,0.055408871596777536,-0.21771818701456133,0.23918203153693354
Japan,2025-03-01,2025,3,Legal,9.185362822794797,-0.2573000006177895,1.0821123129931405,-0.12903411512978377,-0.8516621743343933,-0.7589706989033446,-0.9787408363097657,-0.2724100166036872,0.033200477902609285,0.12629095775461516,0.2320013070511644
Japan,2025-04-01,2025,4,Legal,8.372799172815606,-0.8050951810305088,0.1884757610181029,-0.6566893456274132,-0.26030904127143756,-1.5100412119852522,-0.2205382291565374,-0.19370537980496205,0.5286974275987086,0.14482510539063503,0.05042326170614935
Japan,2025-05-01,2025,5,Legal,7.443792425504027,0.22328091325537053,-1.198392124952045,1.0841982440435427,0.21030304022199536,0.19839351717748668,-0.009182353385138937,-0.5177574472222197,0.2420807740799113,-0.009955491416354916,-0.10888596524841211
Japan,2025-06-01,2025,6,Legal,5.875138134896284,0.4755884359285824,-1.746895691345555,-0.5387608373460957,-0.2549469704035893,0.2561706056942781,1.1933110059271257,-0.7717408145967823,-0.25622842397300305,-0.64290923676761,0.19675298261824778
Japan,2025-07-01,2025,7,Legal,4.8667000116734975,-0.5125341106465501,-0.8015275901045416,-0.34718649511226246,0.7708022199879712,-1.0538354953643456,0.4278143951529032,-1.7019022300183355,0.17794492150085625,-0.14853138041170896,-1.3118300171006116
Japan,2025-08-01,2025,8,Legal,8.507811817687768,-0.32948930021798606,1.6748596729140648,-0.274802304752688,-2.2012434734509183,-1.9988889068612499,0.03402958634668099,0.6137708557899086,0.09054441909125292,-0.009351408757848541,-1.351059090501921
Japan,2025-09-01,2025,9,Legal,3.003031812501419,0.16757010580099035,1.162259597505667,-0.5395912207371316,0.8949105560268252,-1.6320148850264173,-0.9049478329380662,-1.8070413949318163,-0.09041935794820669,0.488301905878473,-1.6171404195019217
Japan,2025-10-01,2025,10,Legal,8.524395924767068,-0.04626121726634254,0.11410149222651991,0.06188335288713521,-0.927553330811728,-0.19024084441321568,-1.4974466686057486,1.3632289751322504,-0.0028627992330815077,-0.09266702062299455,-1.2644675765429771
Japan,2025-11-01,2025,11,Legal,7.87990818157045,-0.4888861190436912,1.5889403284440828,-1.2422465335492294,-1.125587114031969,-1.0962203248685651,-0.0678713816994819,0.4316316296375973,0.6073170866823614,0.084312988643378,-0.4858390003286989
Japan,2025-12-01,2025,12,Legal,4.4707336055130735,2.571995317494969,-2.2494324542007638,0.6087355891244169,-0.5571305725722312,-0.5864151488887734,-0.6197721282538776,-0.9087696708079733,1.5656650848205416,-0.3772773516155179,0.5063033670335242
Nepal,2019-01-01,2019,1,Illegal,6.94371309124345,0.023195978557374822,1.3510157524870003,-1.5125289652988756,-1.3307051313309262,-2.1779677321946878,-0.6994145401232875,0.1616985267047529,-0.035084589446481046,1.057884750687665,-0.21517305921466548
Nepal,2019-02-01,2019,2,Illegal,6.471234191954305,0.14934191105988046,-1.4110568310660818,0.803154742614022,0.23962751823899794,0.7330542814659985,-1.8927621775900518,0.31149085879778987,0.11994466413878445,-1.5201809195718938,0.07464178144784853
Nepal,2019-03-01,2019,3,Illegal,9.34166376398275,-0.39732325255136186,0.5343648986363834,0.09109360625591317,-0.8515399797793188,0.006273156184418285,-1.531535315243643,1.150267395898296,-0.036193607924232506,-0.13951307497383028,-0.9794986750440448
Nepal,2019-04-01,2019,4,Illegal,6.946681138492217,1.1185499442553262,-0.526531687096043,-0.5235759884065829,-0.7641867866378464,0.8761739316930753,-0.7094311573284761,0.6445954324151768,-0.5856458926456106,0.3714411194046829,-0.4925913121787871
Nepal,2019-05-01,2019,5,Illegal,7.199439479219703,-1.9759632998916197,-0.5703140677864662,-1.1791082143628484,0.03390272368233751,-1.1904077356744902,0.9259751007146168,-0.09107586035302723,2.329874558181729,-1.0918248475480705,-0.00308771972767984
Nepal,2019-06-01,2019,6,Illegal,5.545808671218606,0.6558921377875826,0.9639069340758625,-0.020098751769651646,-0.7712002995492906,-1.7739696161121294,-0.68604975703518,-0.6172122466479616,-0.013182613265058776,0.013788743768279906,0.4759942695003986
Nepal,2019-07-01,2019,7,Illegal,6.002937170887936,-0.34514688113802716,0.6879329720514281,-0.6129832712706895,-0.05704116685294176,1.1839874431968893,0.3418252139549665,-0.06003754168856451,0.21156926426886374,-0.20953313785291872,0.0034246114328978553
Nepal,2019-08-01,2019,8,Illegal,11.224597681328591,-0.6332313967149771,-0.8506132529519478,-0.5410068657828994,0.7556658387443146,-0.2218882712922687,-1.349773069381231,1.7681692930597834,0.3425825332520975,0.7302364977841038,1.336145131881963
Nepal,2019-09-01,2019,9,Illegal,10.71545534817074,-1.4069434005131694,-0.44184892724082386,0.11088638282841785,1.704592093297377,-1.1081124582588693,0.9760407193559466,1.399486426972343,-0.15601086452721932,0.10822962486262784,2.385553498094053
Nepal,2019-10-01,2019,10,Illegal,3.9220679146727138,-0.27751361886023346,-1.0363092473737703,-0.20346114108030489,-0.03658997434293117,0.6596499980823705,1.0901834710204468,-0.7480960646216471,0.05646323755862792,-0.2218099730007076,0.027372815810553845
Nepal,2019-11-01,2019,11,Illegal,7.434420423406255,-0.021244779276242128,0.2935375299686405,0.24941768768504166,-0.326673247509044,0.1247520996639345,1.5154448083522476,0.3817341689625093,-0.005298823722459404,0.3779787399135187,-0.124702340660149
Nepal,2019-12-01,2019,12,Illegal,15.880028745277038,-0.5001978170959955,-0.1698523576777307,1.6367399618306402,-0.1833007095261973,-0.01979434452070797,-0.48231357093630295,1.0989833574419647,-0.8186937560614693,-0.7894218956846842,-0.20144442917659464
Nepal,2020-01-01,2020,1,Illegal,6.611779137997335,0.4506130494313883,0.08277290378542575,0.03678283317423478,-2.3843067887857456,0.7451508642848174,0.13416641599584359,0.42834205066072517,0.016574824623367967,0.0049350208971601,-1.0212988593127748
Nepal,2020-02-01,2020,2,Illegal,7.9878548337721185,-0.38445687897709163,-0.411024936503173,1.0216229840730389,-0.3787598366030933,2.0826603221097977,0.4308624190150374,-1.2756826599957316,-0.3927699839479835,0.44017895023907055,0.48317735585738275
Nepal,2020-03-01,2020,3,Illegal,9.760370985047523,-0.6516751221564157,-2.1943824698200243,1.5994709401137894,0.7031425422200039,0.5332073178993125,0.16540366029970424,-1.3820175686924376,-1.0423354202842907,0.2645583480378298,-0.9717553466431095
Nepal,2020-04-01,2020,4,Illegal,11.306893457690146,0.8417807747840127,-1.0512200297825025,-2.5317693162508133,-0.22710600778092638,-0.14175755402753884,0.13556341641470915,0.7285186435145362,-2.1311947366079997,-0.34321529808489243,-0.16545096072256218
Nepal,2020-05-01,2020,5,Illegal,2.9172408644181322,0.2587698052439216,1.1955313880867093,-1.5189697808133147,0.5045818144773903,0.6265383633369425,-1.2395622860802393,-1.502870608682389,-0.3930635143524638,1.8828576539917523,-0.7583211786536999
Nepal,2020-06-01,2020,6,Illegal,7.406400356483171,-0.6615414425152921,0.7534194635024309,-0.6145387836910952,-0.856348518281204,-0.6116337366945591,1.1186323341542117,0.013043374376952133,0.40654287344460016,-0.68744295402866,-0.01116967432108998
Nepal,2020-07-01,2020,7,Illegal,7.050023243565173,-0.11000549870105175,1.2920603343265227,-0.7491717266032418,1.315508290940104,0.21049629892150362,-0.16041938197534772,2.5009004979342815,0.08241300939771762,0.12018166537509622,3.2899553398487815
Nepal,2020-08-01,2020,8,Illegal,8.595840833708987,-0.35368575956700604,-1.2324312391640002,0.9524619705361694,1.6891889336516785,1.6699227814046387,1.2239487531460047,-0.19762046779596562,-0.3368722355077724,1.1657646412567313,-0.33381830726401307
Nepal,2020-09-01,2020,9,Illegal,10.921068227341756,-1.671169772494065,2.0358735351817927,0.4689780781484677,-0.49195690486948307,1.3280568889869675,-0.9727645167600009,0.40662203422267407,-0.7837419881640786,-0.45620523356112813,-0.20004051740791975
Nepal,2020-10-01,2020,10,Illegal,6.205524099488054,0.638677139880301,-0.06357353918612146,-1.4509278911112244,0.0755763726700378,1.0488641418753617,-0.029216405853985244,0.775115121589086,-0.9266744756674735,0.042390898131572444,0.05858038929139843
Nepal,2020-11-01,2020,11,Illegal,9.863969890699577,-0.026260793269852138,-0.6245104550885774,0.7469808401047098,0.03149156226199577,0.6900736763366125,1.087710426157866,0.6916185751213884,-0.019616309418530258,0.8124988479220546,0.021780149419988
Nepal,2020-12-01,2020,12,Illegal,4.890011558123313,-0.9982122585114053,-0.0027861106669012366,-0.5330904020158329,-0.34406395670422657,-0.37453415075025087,-0.9799255747822445,-1.9573385891339898,0.5321373741869776,0.5223889186062629,0.673449659587309
Nepal,2021-01-01,2021,1,Illegal,10.516252104510345,0.19337945192415906,-1.3481770454274902,0.015682236471624342,1.9002684243109647,1.0230565552522393,1.6435415091205292,0.3911278769327262,0.0030326222938277733,0.025774406596958475,0.7432479544030446
Nepal,2021-02-01,2021,2,Illegal,3.2002420044842346,-0.7239647304677874,-0.6443402670219842,-2.7391402061374728,1.186145474042299,1.540323979819886,-0.5531772453472696,-0.25395170639723497,1.9830409010497951,1.5152300338510796,-0.301223667168399
Nepal,2021-03-01,2021,3,Illegal,6.563129883205994,0.3826535514774916,1.1249325453032408,-1.742771973881041,0.4094385306422523,-0.2766717717191454,0.11339439196668935,0.45899400167429094,-0.6668778852210185,-0.19762056831482766,0.18792982961912916
Nepal,2021-04-01,2021,4,Illegal,9.777072732173929,-0.10358685340578061,-0.2138751675546389,0.9703162017882814,0.41875996012749656,0.22058353773736078,-1.2709517210922827,-0.3785797432131542,-0.10051200215189654,-1.2332250466665429,-0.15853403817301834
Nepal,2021-05-01,2021,5,Illegal,4.049175170964988,0.037696573123922904,0.6595314695891383,1.7665118003276337,1.0386060692088166,0.09315833769974234,-0.5109891701957271,-2.5535495960558983,0.06659144125532333,-0.9026683989903774,-2.652132108489378
Nepal,2021-06-01,2021,6,Illegal,11.961248207940677,-0.32601249581684916,0.3903661943953757,-0.1539052269746876,-0.32038505943679435,-1.7793989305072206,-0.9399678291500665,0.4766510408005575,0.05017502716527656,0.14466596209424534,-0.1527118720374965
Nepal,2021-07-01,2021,7,Illegal,9.734863655651136,-0.09752538374562343,0.3278110735741233,0.9524781569528054,-0.8108939362002495,0.36681404328544215,-0.7404901063321587,0.8648244384910116,-0.09289079776614649,-0.7053006517210414,-0.7012808930501471
Nepal,2021-08-01,2021,8,Illegal,8.886818232118454,0.2984518139814398,-0.7825985974185891,0.7070323596107849,2.084712921231016,-1.0079116954282061,-0.3397590076475238,0.23160747416809183,0.21101509026941642,-0.24022061287604748,0.4828350940518998
Nepal,2021-09-01,2021,9,Illegal,16.908629033483585,-0.5595462852894689,-2.83303029014274,1.359189494164025,0.7605061195841427,-1.7429475304866653,-0.6075687917795559,1.5681824295273261,-0.7605294324639525,-0.8258011187687024,1.19261233427986
Nepal,2021-10-01,2021,10,Illegal,7.127540644837074,0.9386400226789446,-0.17611243395986265,0.08298741881250997,-0.13092580512612648,1.1282397832688371,-0.8758424064951101,-0.8057996548842047,0.07789531267624143,-0.0726839006015663,0.10549996858606935
Nepal,2021-11-01,2021,11,Illegal,3.753139695788738,-0.044361455511561634,1.378467355453808,-0.6715122069805457,-0.0547783603388251,-0.9224129848439533,0.007362681423567135,-1.478546936998799,0.029789258895438046,-0.004944130452034233,0.08099237689278634
Nepal,2021-12-01,2021,12,Illegal,10.906605359542151,-1.4362538649281178,0.6939232331912584,0.7165893397596519,-1.730262730484345,1.3338857455005728,2.497415126419854,0.04600638673634095,-1.0292042087960882,1.7896210565469706,-0.07960313633414004
Nepal,2022-01-01,2022,1,Illegal,0.8923230640870115,2.8243305910030463,-1.3189684983025107,0.020106466869098387,0.17962227263192343,1.3451476204524146,0.35973897512678843,-0.4986338957884514,0.056787309455383815,0.00723307978491018,-0.08956575357283131
Nepal,2022-02-01,2022,2,Illegal,6.084153033732978,-0.34182182024613555,-1.0069273609451441,0.04782531978468294,-0.5641961798604865,-1.4940377932897506,1.2551457883749038,-0.4976725234290394,-0.016347737862653842,0.06002774870542776,0.2807849365401925
Nepal,2022-03-01,2022,3,Illegal,6.529684174346296,-0.16825913448754154,0.06837156596765875,-1.7464667255790336,0.33164766712576277,-1.0471575686902646,1.7110288091907877,0.5239605120767348,0.2938589796572189,-2.988254881758828,0.17377028149626914
Nepal,2022-04-01,2022,4,Illegal,8.62604386579713,-0.7451677703173502,-0.10496770756362395,0.6127907415832897,-0.02549412858519966,-0.21715880713685662,0.058370290817895645,-0.6038589312369547,-0.4566319105767355,0.03576877379673056,0.015394857240276163
Nepal,2022-05-01,2022,5,Illegal,12.513916330804662,-2.085792438905004,0.9737262308523678,0.2987977803217619,-0.7734558440334302,1.8987349813552388,0.08701648039238656,-1.036143571975197,-0.6232301509567294,0.02600033119265722,0.8014113010018892
Nepal,2022-06-01,2022,6,Illegal,3.4869775333575714,0.3980482165092625,0.39457998548421935,-0.4257556046515905,0.4504957237780347,-0.26175829022109454,0.5559414516458422,-1.9049444540106388,-0.16947125910038827,-0.23669518889635852,-0.8581693305664759
Nepal,2022-07-01,2022,7,Illegal,6.569385752645529,1.7221550978081948,-0.7670674554003002,-0.6038382974931864,-0.4479613384499751,-1.2148061358886433,-2.208280776228252,-0.23058639852361285,-1.0399032022797123,1.3334445043046,0.10329379171099697
Nepal,2022-08-01,2022,8,Illegal,8.415615411094619,-0.05250506853865217,-0.14487856194788684,0.043040870850387644,1.022841471550764,-0.19044618592921678,-0.5740825770872696,-0.2811254848880863,-0.00225986387396288,-0.02470901405787088,-0.2875468046533523
Nepal,2022-09-01,2022,9,Illegal,0.014258186288549357,1.4120268785432495,-0.6281437391691783,0.09893378702888371,0.3383574419359596,-0.9925780067288229,0.02041716721291813,-1.465673857342095,0.13969716648085728,0.0020199476727759498,-0.49592165708268193
Nepal,2022-10-01,2022,10,Illegal,8.570388825566162,0.366746407892257,-0.3838747413307828,0.20228040762121913,-0.017894977008350053,-0.9764000486637974,-0.045254301964336476,-1.2331013050148552,0.07418561288206364,-0.00915405864795972,0.02206631950220728
Nepal,2022-11-01,2022,11,Illegal,8.637124967620325,-1.3559703448599638,-0.19578527096858125,-1.0422715880472482,0.5704211733607956,-0.33143137128150285,-0.5186667196212101,0.8532015450515544,1.4132893646821691,0.5405915855268555,0.48668422644155135
Nepal,2022-12-01,2022,12,Illegal,8.250420483451775,0.5166444459359673,-0.9813259365174648,-1.404816943927507,0.10720796204013365,-0.3188463554947312,0.6264346724539442,-0.0799084526625497,-0.7257908716368856,-0.8800260421269788,-0.008566822359732445
Nepal,2023-01-01,2023,1,Illegal,7.950585071591332,-1.6233825299412439,1.8884369396142566,-0.16424198503203188,0.697586970339199,-0.8360916702196265,0.3080099022173409,-1.3028447635247453,0.2666275691838718,-0.05058815774969811,-0.9088475314095172
Nepal,2023-02-01,2023,2,Illegal,11.568258458169641,-0.3559740843858328,0.029190503935567446,0.6979740301300975,-1.2325403112202802,-0.684491730612797,0.4573242810867655,2.098221474546747,-0.2484606663006511,0.31920047154647924,-2.5861425492469228
Nepal,2023-03-01,2023,3,Illegal,3.8613353488406865,0.5911361179239325,-0.10697146985848006,1.9422455947562995,-1.7472216669652556,0.094621044669358,-1.625544033562061,-2.5065715705367166,1.1481315209390983,-3.157205738268299,4.379536157840881
Nepal,2023-04-01,2023,4,Illegal,6.4943651399758355,0.13949779614745902,-0.28483693774220137,-0.10619409003975315,3.0982994340712575,-0.2581751380314344,0.5101243612500749,-0.6493648196138809,-0.014813841524430394,-0.054172192350062015,-2.0119266531154714
Nepal,2023-05-01,2023,5,Illegal,14.398010514689666,-0.23823367505561752,-0.41051848272973,1.8188985322003248,1.177184963184339,0.13674664739923068,-2.304211935943967,-0.3610092232525697,-0.43332288187935186,-4.19112770816695,-0.42497462918378304
Nepal,2023-06-01,2023,6,Illegal,7.529006240698892,-0.23066166663970813,1.1032175720536581,1.4419424019526008,0.21896391585597508,-0.8418216318681523,-2.4353123317828884,0.6841632086089545,-0.33260083763285087,-3.5115801131958073,0.14980705524160504
Nepal,2023-07-01,2023,7,Illegal,8.438773483650905,0.17615045188769213,-1.2498203395893641,-0.2652375404702022,0.033719054901053244,0.26859358104429787,-1.1148221873524142,1.1969109487613523,-0.046721712611406147,0.2956926950349653,0.04035870599295576
Nepal,2023-08-01,2023,8,Illegal,8.47695766650609,-1.674469460453245,-0.1090234199634638,0.03437530902646009,0.16058943317175975,1.362132403685079,-0.23644883673585937,-0.11961962436877134,-0.05756040515845019,-0.008128001831742174,-0.019209647673599808
Nepal,2023-09-01,2023,9,Illegal,7.006111566417153,0.820553502887897,0.18430906407810357,-0.4200277272941628,-1.9046746934654637,1.4444121950550874,-1.2276799644560572,-0.5912780093697056,-0.34465522294126766,0.5156596253150563,1.1261922612491138
Nepal,2023-10-01,2023,10,Illegal,2.969710045678106,-1.1965579286166865,-1.4935097782531435,-2.123947582700665,0.7209969529056355,-0.5451862447263217,2.92727009247333,-0.9943550656308734,2.541426320046726,-6.217368236820681,-0.7169269724261429
Nepal,2023-11-01,2023,11,Illegal,1.156546225533475,-0.5653929702854015,0.2431346551384891,-0.47020333878531134,0.612332214002512,-0.9785883899886544,-1.381591718463581,-1.7982147394091075,0.2658496623539401,0.6496290388597117,-1.101104812634329
Nepal,2023-12-01,2023,12,Illegal,4.425401063135595,-0.5180690194750568,-0.3009803123932219,-0.6314370274831833,1.243405797187162,1.228030209608135,-0.3348029874445019,-1.793921113191963,0.32712796168845726,0.2114070031844458,-2.2305719118393337
Nepal,2024-01-01,2024,1,Illegal,9.48418329774394,-0.5998213939170616,-0.657134962278058,-0.6977189038982449,-0.6534628957248072,-0.38654161589775976,-0.6355410988155566,0.20832250862559215,0.4185067254985296,0.4434290388478763,-0.13613102973113558
Nepal,2024-02-01,2024,2,Illegal,2.7668045284116465,-0.9106450871824898,1.2710653260070333,-0.9800623018406138,-1.6178006138153371,0.3807780713650517,-0.8174081344143398,0.321291470757388,0.8924889203039175,0.8011108977573598,-0.5197855386049348
Nepal,2024-03-01,2024,3,Illegal,2.1519063133480207,1.3924559414830675,0.6722934080404022,-1.5004765491630017,-1.4787771238462857,1.6722659040975276,-0.7373799034979588,-0.834184848732624,-2.0893474859380317,1.1064212530227644,1.2335734713649786
Nepal,2024-04-01,2024,4,Illegal,7.623560381803127,-0.35077820560155415,-0.22771961483575284,0.7154930967694852,-1.3990784281844755,-1.5202867922406096,0.45096263477647686,1.0067300712270648,-0.25097938460509917,0.32266065208354777,-1.4084943256584068
Nepal,2024-05-01,2024,5,Illegal,3.8828545174109923,1.0815140862997412,0.03754184148682146,1.0918053390746458,-0.07022036151761657,-2.5222779174879504,-0.15196738231603887,1.06014381867127,1.1808028537064947,-0.16591879937784915,-0.07444368220776312
Nepal,2024-06-01,2024,6,Illegal,7.568847256934285,-0.3879649689074522,-0.1761335035509783,-2.899513879868482,1.6713475754374763,-0.9013756798971745,0.505735432472799,-0.08670113614820872,1.1249098122499017,-1.4663869059961698,-0.1449077336889832
Nepal,2024-07-01,2024,7,Illegal,8.251318909046041,0.4060561224280809,-0.23492427152097461,-0.8935150925192802,0.7978507013821389,-1.8734413039546167,0.6458904202758925,-1.0990447515548727,-0.36281727379934686,-0.5771128386301309,-0.8768736258784138
Nepal,2024-08-01,2024,8,Illegal,10.044007147995146,0.1612995426626951,0.6441237678501087,0.08198881382471937,-1.7523770951409967,-0.8607291633953384,0.6723893376113824,0.166655817359844,0.013224758173384088,0.05512840421914601,-0.29204383711339194
Nepal,2024-09-01,2024,9,Illegal,10.751804795491624,0.40327456303717174,-0.9667018907026598,-0.796064137720634,0.10291739052323721,-2.3140440660001054,1.6734418856229851,0.44174673637755724,-0.32103241728885157,-1.3321670717040535,0.04546342138013458
Nepal,2024-10-01,2024,10,Illegal,15.370470491088517,-1.580603940809169,1.2445651603552557,2.2314989110277486,-1.3208783553773176,0.7714017949037666,0.0011099446872931465,-1.544433848248244,-3.5271159726818286,0.0024768403609956914,2.0400092414632023
Nepal,2024-11-01,2024,11,Illegal,4.710740837259792,0.8336032048373484,-0.6011265526688468,1.1659165202552229,-1.6667634067891977,-1.4947561464496442,0.13659739558875236,0.025385277972271716,0.971911747857563,0.15926116014076427,-0.04231125239535438
Nepal,2024-12-01,2024,12,Illegal,6.033269170489081,0.8095944359718859,0.5308943142159493,0.858139070934016,-0.1231364353522676,0.6025802679783409,-0.44565030302999464,2.0538186900865965,0.6947446171182629,-0.38242993700362227,-0.2528999123571271
Nepal,2025-01-01,2025,1,Illegal,9.398337077608828,2.1052974294583118,0.034887947089408566,-1.3755108895687427,1.368079350488601,0.125901388394959,0.851124098380238,1.2238559185425932,-2.89585954000099,-1.170730465696395,1.6743320101313812
Nepal,2025-02-01,2025,2,Illegal,10.403161115464492,-0.5922408448128146,0.9757133776692501,0.000755507454595548,0.685857818608419,-2.1537305737914614,0.4469817170098519,-0.6385858251450302,-0.00044744237317204653,0.0003376980192688608,-0.43797908102822763
Nepal,2025-03-01,2025,3,Illegal,10.086976202728337,0.6230873478890951,0.23985774584929662,0.48630999335022157,-0.9984408528767182,1.6232566905280539,1.9913704184169045,0.3929135105482163,0.30301360400855304,0.9684233349381528,-0.39230090057854655
Nepal,2025-04-01,2025,4,Illegal,7.558920694413329,-0.5691481986725339,-0.7971135662249808,0.04092474872892285,0.43494103836789866,-0.3939866812431204,0.5377681903684838,0.30638948207341404,-0.02329224702019251,0.022008028065237748,0.13326135947801337
Nepal,2025-05-01,2025,5,Illegal,2.103155557755327,0.5187930174517212,0.8635282425215212,0.17146931759039094,1.1526481032616924,-1.217403793496952,0.46795042213185173,-1.1702807063967748,0.08895708467310642,0.08023913954908399,-1.3489218365119962
Nepal,2025-06-01,2025,6,Illegal,9.183522705636756,-0.63093083373779,-0.9420601835742449,-0.5479958187411378,-0.21415031071118876,0.8371544863313845,-0.32115903870570245,-1.5856257067695927,0.34574745880316893,0.17599381036164818,0.3395622377763565
Nepal,2025-07-01,2025,7,Illegal,13.23543247949885,-0.8370901336150396,-0.05872042710462872,0.4465365069407115,0.1996104184027828,1.0941795475214755,0.4790031433927589,-0.861309579697108,-0.37379130425899326,0.21389239046422331,-0.17192636557766472
Nepal,2025-08-01,2025,8,Illegal,6.502015513363158,0.19433346333823323,-0.14734022662150623,0.9639254230555709,0.24945094593007222,0.3992281929393271,2.492183998600687,-0.27512142825504665,0.18732296586216074,2.4022795151834915,-0.06862930052385388
Nepal,2025-09-01,2025,9,Illegal,7.470391351396855,0.1165785120124638,1.0715159355810386,-1.506534030190399,-1.9655558914765052,-0.5871152706201476,-1.6339229590592872,-0.42483134752563845,-0.17562949553573695,2.4615605405322105,0.8350297580129212
Nepal,2025-10-01,2025,10,Illegal,13.037273677269482,-0.8907488635522633,-1.4268265767813424,0.06933716171534797,0.8625434846151703,-1.6949734385166126,0.8202323983059842,0.8173062037383262,-0.06176199799988571,0.05687258644550973,0.7049621409700522
Nepal,2025-11-01,2025,11,Illegal,3.5748679593014625,1.2184802148716865,2.202013924659616,-0.3560920486190552,0.10957158007785811,-0.41643843324802554,0.0019768447558107757,1.5328733556363119,-0.4338911159154454,-0.000703938698898495,0.16795935563631922
Nepal,2025-12-01,2025,12,Illegal,12.054213373430782,-0.8610496721655755,1.3771809365045613,1.0200365069020898,-0.363131646817078,0.8544020011207198,0.34121584249203324,1.500274609000988,-0.8783020998649632,0.34805261607522725,-0.5447971894443765
Singapore,2019-01-01,2019,1,Legal,2.1547007535319205,2.64201191049262,0.5980991550474662,0.04932816579484364,0.7224469852209796,-0.3652808582038849,2.387967705524732,0.18007103769598148,0.13032560155273157,0.11779406689085635,0.1300917783090752
Singapore,2019-02-01,2019,2,Legal,11.498057452741094,-0.8356890050200364,1.0972201916064386,0.8671874128277388,-0.4973543714140932,0.5764513451224227,-1.5085559682128564,0.18497057507315626,-0.7246989861919126,-1.3082007471803516,-0.09199592409561297
Singapore,2019-03-01,2019,3,Legal,11.047585704555637,1.7073298095592229,-0.7708188027286894,-1.2783526288023244,-0.8954279609250417,-1.33656850031492,1.336657357758983,1.5486392950240366,-2.1825695502826044,-1.708719447099165,-1.3866949261517671
Singapore,2019-04-01,2019,4,Legal,6.231706043561373,1.221294945685148,0.13395838058023532,-0.09511164770076601,-0.33303761905376167,-0.3103909913775655,-1.5478015563090313,0.2642547636073387,-0.11615937461273196,0.14721395633436193,-0.0880067772954027
Singapore,2019-05-01,2019,5,Legal,5.825275046550993,0.7453607240778758,0.0935234964386097,-0.16270370156909172,-0.8711930300076304,0.07215323682176132,0.738237230816162,-1.1433389910838607,-0.12127294881168882,-0.12011393008990551,0.9960689599682158
Singapore,2019-06-01,2019,6,Legal,9.08688227716367,0.23304295152948393,-0.7180647836182643,-0.5878563049080002,0.23061084876621443,-1.133421018292623,0.34992371524939253,-0.8953543736592,-0.13699576837097663,-0.20570486224618714,-0.20647843205609043
Singapore,2019-07-01,2019,7,Legal,1.8348069962903915,2.3378277453883,-0.8607568017018197,0.5342078623746747,-0.7267419048820193,1.0409541737977897,-1.2652584090852153,0.48058675842771265,1.248885962464089,-0.6759109900689945,-0.3492625362808307
Singapore,2019-08-01,2019,8,Legal,10.139054255526954,-0.20698458909836875,-1.031025275147307,0.8223504708957536,-0.836980354439587,0.5519642593318276,-0.34409802826233293,-0.11447237179886294,-0.1702138743132076,-0.28296917557582985,0.09581112632175248
Singapore,2019-09-01,2019,9,Legal,7.980128662255526,-0.7618246716588487,0.2103671135408869,1.530334564354411,-0.7780947858327143,1.1718101432738448,1.4980976334877842,-0.8161549890280438,-1.1658466270174865,2.2925905893039027,0.6350459413940771
Singapore,2019-10-01,2019,10,Legal,7.947069236445197,0.3019609001717647,-0.547407522766873,1.8686032191630024,0.0348075404998322,-0.8021994080351792,-1.1471595110117114,1.08990495909083,0.5642451101223175,-2.14358595516994,0.037936911004522025
Singapore,2019-11-01,2019,11,Legal,7.423888208380828,0.04382879946042826,0.9558027451124809,-0.4842583519308302,-0.04592882874016064,-0.016568409822520076,0.6833245115160919,0.5907443355103258,-0.02122446219381385,-0.33090560178072226,-0.02713219541487375
Singapore,2019-12-01,2019,12,Legal,5.000597774753982,0.06364906149651776,-0.37177901152348874,-1.4776124069194447,0.2576008573981294,1.8921917608330678,-0.8837191406910628,-0.773029709602703,-0.09404864295603337,1.3057943665173048,-0.19913311598788327
Singapore,2020-01-01,2020,1,Legal,8.732523164850052,0.7245917787231225,0.4484854541964401,-0.15853769241645677,-0.9180190616389653,0.0923767916399243,-1.5646221273358043,0.14342656685749322,-0.1148751085426997,0.248051581571546,-0.13166832232061423
Singapore,2020-02-01,2020,2,Legal,15.838255124342252,-1.2511991366336779,-1.5325182768296637,1.5794378916948595,-0.6117596395045849,1.135947845943822,-0.1539976651978317,-0.16195481694132738,-1.9761913264551245,-0.24322974764599414,0.09907742042805748
Singapore,2020-03-01,2020,3,Legal,6.678660445723663,-0.8839988567464406,0.13249714349564554,-0.38148941482409265,-1.3204934434050313,0.3374820747263991,-0.26330780687791616,-0.1570248284447078,0.33723620656536657,0.10044914116447144,0.2073502564130365
Singapore,2020-04-01,2020,4,Legal,1.1778857550780455,1.5914003677628041,0.8767141863861161,0.9641558841719786,-0.305444702441682,-1.7291828895034203,1.9529173824895107,-0.061097508005868134,1.5343580286519583,1.8829167856290003,0.018661910152780674
Singapore,2020-05-01,2020,5,Legal,7.212181531129116,0.4168015744831139,1.1671207880032974,-0.023050556085466196,1.2785751679393746,1.0829999385168687,-1.0763811874020586,-0.6737901056594764,-0.009607508069133634,0.024811184929551852,-0.861491297499454
Singapore,2020-06-01,2020,6,Legal,3.9302826444782695,-2.712612563810438,-0.14945569316498877,-1.4308312016246718,-0.47655380143352466,-0.29882008902920415,-0.35824437790750796,-0.5522612521126086,3.8812906942190706,0.5125872337166827,0.2631821990787018
Singapore,2020-07-01,2020,7,Legal,4.278740776026181,2.291911266818686,1.8674620041613508,-1.1620658202562835,1.5821167513035677,-0.3994654904728529,0.12918747333171046,-0.06327395989691587,-2.663351746230274,-0.15012434716405088,-0.10010679187422075
Singapore,2020-08-01,2020,8,Legal,4.71758712710694,0.9838523436061467,0.1258865305766578,-0.4765514232192414,-1.3045894438004726,-0.8935950137191204,-1.6413801156020968,0.012223548415169466,-0.46885623458309533,0.7822020301339422,-0.01594671222821408
Singapore,2020-09-01,2020,9,Legal,8.506629088700592,-0.26556051251854124,1.3701018536103708,1.1992995729215856,-0.03227689410261781,-0.08708472614314992,1.879874549421008,0.5207561203587112,-0.3184866092483239,2.2545327442667733,-0.016808390150108217
Singapore,2020-10-01,2020,10,Legal,7.441073645063197,-1.426018117120452,0.39387321816474324,0.8293237725828624,-0.6316515245136439,0.2912027551380327,-0.3635732949150293,-0.18403239919900272,-1.1826307246618433,-0.30151997654931373,0.11624434551395357
Singapore,2020-11-01,2020,11,Legal,5.155232374024671,-0.2217814037161355,0.9693693024080543,-0.6314025555665582,0.05252636821531626,-0.7559507066919204,0.3604416762927729,-0.2165231975361736,0.14003334508350654,-0.22758379554395095,-0.011373177200942714
Singapore,2020-12-01,2020,12,Legal,5.800330079059522,1.3325514676651278,0.9289320135322151,-0.6049067639281748,0.4977883094177774,0.5374120028203807,0.642301235011176,-1.6942558959950778,-0.8060693960730523,-0.3885323615376805,-0.8433807781884914
Singapore,2021-01-01,2021,1,Legal,11.523287968101588,-0.5696989629257314,-0.3578279334412669,2.6378817522602,0.3018733807210118,-0.3863224754471755,-2.205294372755906,1.3897641339463556,-1.5027984985833471,-5.817305784254908,0.4195327975191954
Singapore,2021-02-01,2021,2,Legal,12.114762174522792,-1.0034389034995035,-0.3313522990878492,1.4164117917002925,0.7732399866657592,-0.15783750984025996,0.308292063638821,-0.6003856928711058,-1.4212826951675086,0.43666851422564307,-0.46424222514996644
Singapore,2021-03-01,2021,3,Legal,5.099211754931082,0.07333674477813665,0.968769895681353,0.9671781224389495,0.4939773822056448,-0.36234755754610226,0.7418222943901266,-0.0919684662030466,0.07092969512030264,0.7174742938715963,-0.04543034218044928
Singapore,2021-04-01,2021,4,Legal,10.1955990058572,-0.40328779191093866,0.08452698378432454,0.9102157836647453,-0.18352817215715306,-1.209198711239606,0.05674168329681941,0.11345604005655238,-0.3670789135566398,0.051647175728471266,-0.020822379651767798
Singapore,2021-05-01,2021,5,Legal,7.557724677575182,0.9198715159544302,1.0189232400898984,-0.5942108723816666,-0.6161434580489434,-1.0401987109554731,0.6988156702804763,1.4488201083377155,-0.5465976559743281,-0.4152438690713409,-0.8926810316420448
Singapore,2021-06-01,2021,6,Legal,4.330525580789212,-0.24143056472499316,1.4667825568989763,0.5055578532150077,0.43623570480105506,-1.1909165059737268,0.678728069279419,-0.9291363405097582,-0.1220571180028545,0.3431363056216701,-0.4053224463585475
Singapore,2021-07-01,2021,7,Legal,8.934000514157532,-0.34677157676671216,-0.5857927234486902,-0.22159969438503938,-1.4409816345249191,0.9588163064676725,1.127686294516429,-1.9473424741408143,0.07684447543292164,-0.24989493822703818,2.8060847413672305
Singapore,2021-08-01,2021,8,Legal,8.519279918809751,-0.8105286298216263,0.8569755369827861,-0.06844649266641564,0.028775564080998586,-0.1850976494212187,1.2121292042334861,-1.2395880125250283,0.05547784191700587,-0.08296599268831553,-0.03566984428845163
Singapore,2021-09-01,2021,9,Legal,4.280313211347376,1.1013301648895504,0.7163400805404107,2.3246989143234176,-0.5289467627246989,0.9573048225935312,-0.10609063534142033,1.2334060763526695,2.5602610386303684,-0.24662878479808142,-0.6524061512117173
Singapore,2021-10-01,2021,10,Legal,9.6690908398014,-0.38787578186246957,1.306072203871629,-0.4915619390189299,-1.412725758900556,-0.5168468831738283,0.6190329465885323,1.3920387515870913,0.19066497143079902,-0.3042930355416606,-1.966569001754856
Singapore,2021-11-01,2021,11,Legal,7.354441472509384,1.318197067234025,-1.3581749214775931,-0.4432634648179029,-0.28857511715410117,-0.11455942747252029,0.08409438825019698,0.6909109573921928,-0.584308599334952,-0.037275969907524256,-0.19937971047250422
Singapore,2021-12-01,2021,12,Legal,7.878888975150571,0.1390286869531256,-0.04512289032405165,-0.9258899038911499,-0.11366668908143539,-0.14365952989711814,-0.1650805650030461,0.03175945658145075,-0.12872525760114223,0.15284642846496707,-0.003609992276639109
Singapore,2022-01-01,2022,1,Legal,6.773100640473155,-0.43229517910733023,1.2727147339712648,-1.1694806292030167,-0.7209701084698963,2.779963624223556,-1.03799135498923,-1.3537546747097586,0.5055608380638713,1.2139107829400964,0.9760166546671238
Singapore,2022-02-01,2022,2,Legal,23.289870702082283,-2.077119853773874,-0.2352739099724389,2.1458249250764885,-1.5449359221534005,-1.9819644857387133,-1.4991812019576982,0.8983595683469856,-4.45713555459921,-3.216980390366958,-1.387907968149481
Singapore,2022-03-01,2022,3,Legal,7.745854448152943,-0.5125887969785089,0.683212404001069,1.3902553275119895,1.7873464144298254,-0.24633528117984818,-2.301471717669987,-0.8208789224096867,-0.7126293058223336,-3.199633316608869,-1.4671949986499724
Singapore,2022-04-01,2022,4,Legal,9.706878370170159,-0.2589387965783906,-0.1878594010087195,1.1188945979306693,1.2744284266875814,-0.17167365392478334,1.0984848760518187,0.3576613666310894,-0.2897252206862297,1.2290887937229207,0.4558138127625895
Singapore,2022-05-01,2022,5,Legal,7.888575286263598,0.9065441571099638,0.07225204823791581,2.0578111770977623,-1.4384111667945592,-0.5151708990920177,-0.1265188969539503,0.43945269045799057,1.8654966990335535,-0.260352000265919,-0.6321136572326864
Singapore,2022-06-01,2022,6,Legal,5.994622138268602,-0.024398567236156642,-1.422229649506207,0.8425138964550043,0.7549587661419644,-1.941858659379406,-0.0038041336707993834,-1.590141830680298,-0.02055613195005374,-0.003205035481620867,-1.2004915144811223
Singapore,2022-07-01,2022,7,Legal,8.468572573658415,-0.9028089269627998,0.8092646982419858,0.11683017417218379,-1.2855910007560276,0.8800659629573423,-1.4338058239284144,0.3301137904709438,-0.10547532418126626,-0.16751178413864815,-0.4243913182549063
Singapore,2022-08-01,2022,8,Legal,8.288700610993734,-0.3656770825305199,0.504270748038384,0.521449399059529,1.3369690735559603,-0.08225369967145327,0.306450862963341,-0.4377373224043246,-0.1906820949353814,0.15979861833350825,-0.5852412623957766
Singapore,2022-09-01,2022,9,Legal,9.10764338750343,0.4394860480085117,-0.09830984745437601,-1.8037504840924963,0.3314708963308953,0.364561477355457,-0.6801734763479509,-1.284387036072514,-0.792723171847251,1.2268632372294925,-0.4257369220827382
Singapore,2022-10-01,2022,10,Legal,8.31560886633954,0.4914455108944023,-0.2290810309217098,-1.1370328831474874,-0.8218148284213459,1.3025903967862316,0.1376619408680461,-0.5505870670007064,-0.5587897061621522,-0.15652615352487337,0.45248061599819756
Singapore,2022-11-01,2022,11,Legal,6.343424258889117,-0.8143981874463236,1.5008430302803781,1.3528005348967251,-0.4665740712027766,-0.6286702470308603,-2.618133198692279,-1.481580771551368,-1.10171830359631,-3.5418119916217887,0.6912671723984727
Singapore,2022-12-01,2022,12,Legal,5.319183471780919,0.13519034098738605,-0.3262337044413599,-1.3453354874152414,-0.2811640424645573,0.5053371476473485,0.5278393499155871,-1.8996702808588812,-0.18187636328609771,-0.7101210090956306,0.5341189755160639
Singapore,2023-01-01,2023,1,Legal,10.088831115225084,-1.3833407769716102,0.9017286971402737,0.7841464163534986,-0.8980272263244585,-0.7660452024003999,-0.46126705049830724,-2.252793394731339,-1.0847417128579524,-0.3617009046301959,2.023069803752646
Singapore,2023-02-01,2023,2,Legal,7.7336615659046695,-0.27284454634013083,0.9701750825678594,-1.0984092179625526,-0.6191229482499316,-1.5065252580391153,-1.0042905634942532,-1.1819819960682185,0.2996949647708106,1.103122012454894,0.7317921781840946
Singapore,2023-03-01,2023,3,Legal,9.219852267370173,-0.6982618487513923,0.12417568474461345,-0.3807634038618044,-1.269465266012813,-0.1683004231716427,0.5991033318635947,-1.2077593925433525,0.2658725583174166,-0.22811662390533052,1.5332085985345203
Singapore,2023-04-01,2023,4,Legal,6.400316956468598,-0.8497209214776963,-0.48298392607284074,0.5306831230100478,-0.663436157219488,0.03757485933586561,-0.31469082878809246,0.1293680067038185,-0.4509325522967595,-0.16700111180388516,-0.08582741323472631
Singapore,2023-05-01,2023,5,Legal,11.224607678336788,-1.829681815208083,0.6159670060468382,1.0371814056490503,-0.9104867035315213,-0.24402835217113436,0.29471925290230155,0.6932176016587042,-1.8977119569880252,0.3056773289970471,-0.6311654089642608
Singapore,2023-06-01,2023,6,Legal,13.469898214731286,-0.8860402469783771,-0.33257937984987496,0.7031401972360493,2.498430483721495,-0.22800572680971787,-1.4069774621039888,0.40226807720129804,-0.6230105140194538,-0.9893024102104747,1.0050388267077546
Singapore,2023-07-01,2023,7,Legal,12.080910138702002,0.10801412097950092,-0.9066485451542928,0.957993941480019,0.663545618498435,-1.0260808441956244,0.38142561753434195,0.9972655676588726,0.1034768734926517,0.3654034307231745,0.6617311978993995
Singapore,2023-08-01,2023,8,Legal,10.160172802695808,-0.06644897530945597,-0.35807944617931886,1.227273822081263,-1.2101605029808855,0.4385792909210054,-1.3700266273644293,1.0653762722596027,-0.08155108790141949,-1.6813978153186453,-1.2892762855015816
Singapore,2023-09-01,2023,9,Legal,5.308850731766731,1.2685832356474693,0.491412756355527,-1.22322023006193,1.4246277320772434,1.5512452664277294,0.8822864925992157,-0.7615878650362199,-1.5517566773614049,-1.079230686457746,-1.0849791929440997
Singapore,2023-10-01,2023,10,Legal,7.978921335617352,0.1454272174057594,-0.7037103993314333,1.6923465724632047,0.14432647172603683,-2.703348047107357,0.33935581275622034,-0.34815739681731317,0.24611325291949823,0.5743076465634546,-0.050248328687964534
Singapore,2023-11-01,2023,11,Legal,7.550573115654499,-0.36861936578569976,0.8070464166066876,1.1196877785533812,0.28305316225865373,-0.33931118713815905,-0.041337204809170254,0.019599616577628296,-0.4127385988083464,-0.046284763024385986,0.005547733451354822
Singapore,2023-12-01,2023,12,Legal,5.839746389886114,0.5789286485712348,0.4600423238604662,1.5404412397766734,1.255349780288475,-0.6856749175901302,0.8202983745089647,-0.9509533830944716,0.891805565147307,1.2636214450153795,-1.193779120532227
Singapore,2024-01-01,2024,1,Legal,10.189140997548083,-0.5166141987601078,-1.0232532233755844,0.28004534269740444,-2.6745671281541408,-1.750975574405228,-0.17749188377428318,0.08244176663484246,-0.1446754003341194,-0.049705775417577015,-0.22049603902850445
Singapore,2024-02-01,2024,2,Legal,11.357523492628347,-1.5794362987175987,-0.8178918421385055,0.3912093272373939,0.5817817706283626,-0.01622311759594124,1.1568337810369889,0.3973970234592343,-0.6178902118356313,0.45256416520497106,0.23119834395055425
Singapore,2024-03-01,2024,3,Legal,11.444525935190352,-0.2805020534116174,-1.4028661572078547,-0.10813899039141675,1.1121006192213385,0.6852900847109679,1.402009325919122,-0.3028852437989931,0.03033320885865156,-0.15161187302424461,-0.33683886718186634
Singapore,2024-04-01,2024,4,Legal,9.981646299414614,-0.19330422644796988,1.471585082569894,-0.02185674744212368,0.7072313738042767,1.4751123643098556,-0.1934276285812056,0.21838898754417418,0.0042250016569683625,0.004227698826228315,0.15445154368459138
Singapore,2024-05-01,2024,5,Legal,7.895038248663354,-0.1330031639300636,-1.320892282506161,2.14300705458491,-0.4697644643371368,0.15875605093754283,1.156006669451127,-0.6084939037312018,-0.2850267185842395,2.4773304477809712,0.28584881273870133
Singapore,2024-06-01,2024,6,Legal,10.890685161894783,0.25373729677483314,-1.7930763979123896,-0.28790607686792025,0.2450386643154059,-0.2699518968251642,-1.5434509431857473,1.5941779562040121,-0.0730525096695134,0.4443689058906998,0.3906352370692948
Singapore,2024-07-01,2024,7,Legal,7.632803903783156,1.431152117761741,-0.26003625018044474,-0.8800119816907639,0.2691809202551599,-0.21578712632821961,-1.177761457991358,1.4697842587874956,-1.2594310112524432,1.0364441946059784,0.39563787935696615
Singapore,2024-08-01,2024,8,Legal,7.592113671197755,-1.840266384795568,1.3281660539573326,-0.5042980158126232,-0.6078238926156243,-1.765387587029974,1.7409414865969908,-1.2894805872096875,0.9280426864190744,-0.8779533373367411,0.7837771099700732
Singapore,2024-09-01,2024,9,Legal,6.143756468949555,0.9126203225404405,0.421716933003097,-0.0596543119921916,-1.7016658582874162,-0.8097248357672839,0.18780033804252202,-0.7871740699869963,-0.054441737451241964,-0.011203099957827659,1.3395072394260208
Singapore,2024-10-01,2024,10,Legal,12.293077498711964,0.6817434088151417,0.9625028858001017,-1.2261793578126834,2.196646054978954,0.7674793445541306,-0.0017141536690639572,1.0895365830766406,-0.8359396952139801,0.002101859845125098,2.393326236970552
Singapore,2024-11-01,2024,11,Legal,-0.22783933900160402,-1.4387201010568695,-0.2252626424913536,-2.3784316598733284,0.19265153264802468,0.36539424192514075,-0.03916211544275943,-0.6545335709983099,3.421897438049813,0.09314441523667322,-0.12609689562240908
Singapore,2024-12-01,2024,12,Legal,4.3259273904651865,0.3735336834117687,1.455434483915325,-0.591018455733432,0.440059929023145,-1.5681443134200506,0.45721306369251385,-0.39338229774465705,-0.22076530073444423,-0.27022135884470083,-0.17311178602447547
Singapore,2025-01-01,2025,1,Legal,12.952735092568282,-0.7603636412161305,-0.39361158203300994,0.3824333156925354,-1.3121632011955178,-0.39711533156785284,-0.04147177799914767,-1.0990392245318592,-0.2907883884423342,-0.015860189567878786,1.4421188271011638
Singapore,2025-02-01,2025,2,Legal,9.601697864615938,-0.8534954800613416,-0.6694369136334904,-0.9783079498224979,1.7984800871381175,0.5529052285994815,-0.9365920062436421,1.1062315588599687,0.8349814132815797,0.9162754054483577,1.989535430373412
Singapore,2025-03-01,2025,3,Legal,9.266594850510675,0.25725342111150185,-0.3444772087524529,-0.7494159869569733,0.33776609905460137,-0.5450872299955903,1.8167556295751046,-1.2692911052431042,-0.19278982648033402,-1.3615057131976644,-0.4287235051826668
Singapore,2025-04-01,2025,4,Legal,5.991622227543282,-0.11131884879780068,0.2990857340211059,0.8331577666294346,-0.6302492950044363,0.8642483846986364,-2.707543855381177,-0.7199895332219391,-0.09274616344813534,-2.25581119160063,0.4537728957237003
Singapore,2025-05-01,2025,5,Legal,11.818246396066346,-1.2535060123717616,-0.21495483807895113,0.3857499681816948,0.7026599984993058,0.2408767572004077,-0.6656934648935471,0.36901643782516713,-0.48353990438797023,-0.25679123290144795,0.2592930896484511
Singapore,2025-06-01,2025,6,Legal,6.218863702464439,0.9360561679360162,0.7769367029315166,0.03047641392062887,-0.8972530061612568,-0.6529501558320808,-0.5497893596380333,-0.31526633391625575,0.02852763522697572,-0.01675560809348619,0.28287366584779905
Singapore,2025-07-01,2025,7,Legal,3.249069188330018,0.7151743901280584,-0.05111869301537766,0.016124787900472528,0.14330630500000452,-0.51590531313234,-0.9253922576429561,-1.7554378973107099,0.011532035352664735,-0.014921753879232095,-0.2515653187205752
Singapore,2025-08-01,2025,8,Legal,11.076535601521865,0.47314545326778695,-0.7029114380395675,-0.2378070374259397,0.46643128741231693,0.5206894964226687,-1.079532852166039,0.9970593564536414,-0.11251731851316582,0.2567205093775807,0.4650596792571682
Singapore,2025-09-01,2025,9,Legal,10.575473715776887,-1.12984985721856,-0.8238368696411542,1.1910906831461916,-0.14685352125530088,-2.219777947451851,-1.3996815047326863,-0.24936962517248124,-1.3457536382870816,-1.6671475996591447,0.036620807550693385
Singapore,2025-10-01,2025,10,Legal,12.642264689833912,-0.41342377063644137,0.03239621368357873,1.4622546040347288,-0.29045391622778904,1.0725417995727589,1.4287601620367705,1.434309669352076,-0.6045308120305342,2.089211124999673,-0.4166008605466957
Singapore,2025-11-01,2025,11,Legal,17.648445033333555,-1.9632891478389742,0.4608248654038653,1.048399887813541,-0.08106710543541713,1.744583870075249,0.8598335614674578,0.5682733771527843,-2.058312122339923,0.9014494093808002,-0.04606827778178533
Singapore,2025-12-01,2025,12,Legal,11.200998287024962,0.3333698512608781,-2.4928104993953535,-0.49913895147036563,1.1971680272478535,-0.807591340098296,-0.22347250523693915,-1.0448363139030714,-0.16639787801018643,0.1115438319464216,-1.250844628712259
South Africa,2019-01-01,2019,1,Legal,15.761072581807774,-0.8838688951407293,0.14729800038908406,-0.6804940477640479,0.6149446390313781,0.509683077242329,0.8117055716132655,0.3319184477078873,0.6014675221470517,-0.5523608100197412,0.2041114700135821
South Africa,2019-02-01,2019,2,Legal,9.101867410289534,-1.027923765010739,-1.7106033544365142,-0.3930902007014615,-1.5679882655602673,-1.4924622700059926,-1.001314654197967,-0.9221889054316275,0.4040667590938733,0.39360697838399333,1.445981382346659
South Africa,2019-03-01,2019,3,Legal,5.139765648435916,0.5182189504454116,-0.5061890610853361,-0.17951457487248015,0.8942327745009349,-0.7663225247814263,-0.26454589870472217,0.36575998609291555,-0.09302785458007092,0.0474898445402364,0.3270745671652912
South Africa,2019-04-01,2019,4,Legal,15.111070995736243,-2.3849055089505824,0.3461173287977227,0.49201428056689855,2.0642201348524107,0.15809487586680993,0.8197397172580948,-0.19547264358597383,-1.1734075682063538,0.40332364723885433,-0.4034985667029961
South Africa,2019-05-01,2019,5,Legal,5.519931685674687,1.667256841749534,-2.1239928181256356,0.4136162575716805,2.135586730077366,0.2820342192093425,1.6505729632328479,-0.6292121495294424,0.6896045352952218,0.6827038119013695,-1.3437371169385326
South Africa,2019-06-01,2019,6,Legal,12.812539344745517,0.03352470238858753,-2.2175910793587708,-1.1681778278502002,-1.096875079383986,0.8220660780325274,0.872153105684055,0.3240364427065333,-0.039162814015624596,-1.0188299205508056,-0.35542749881703317
South Africa,2019-07-01,2019,7,Legal,10.252845952888176,-0.16414941272177394,1.2019316695395432,0.00878844263207182,0.05786404742675647,-0.2655926332624114,0.6844504776364279,-0.4211988166129132,-0.0014426176967935905,0.006015253757201903,-0.02437226830058331
South Africa,2019-08-01,2019,8,Legal,12.509916922538538,-1.1321491407160067,-1.0989162547281939,0.6874267551265042,-0.0885442145830127,-0.45389141615312834,0.8900577324754597,-0.6072614140860845,-0.7782696101216645,0.6118494989108594,0.053769484956821996
South Africa,2019-09-01,2019,9,Legal,-2.6088384617645666,1.3992279500711593,1.5391423458106503,1.5723982102703271,-0.2821257769339113,1.2307029049844702,-0.948952827768678,-0.9069028747220608,2.2001435244521095,-1.4921317280144353,0.255860678134559
South Africa,2019-10-01,2019,10,Legal,6.814145670048745,1.67286820189853,-0.8639798490760783,-0.12653257974705998,-0.9103243419282839,0.6951652483301405,-0.37563366071734017,-1.3048168904329494,-0.21167232916304657,0.04752989613039692,1.1878065771202844
South Africa,2019-11-01,2019,11,Legal,5.801136779334584,-1.4337300248102285,-0.8374057253154913,-2.106889114626081,-1.4239581121976068,0.17852916972047786,-1.9645360381029247,-1.4811457246217157,3.020710182585251,4.1390595939697,2.1090894699218947
South Africa,2019-12-01,2019,12,Legal,7.728307550951537,-0.5436068960930526,1.992036635959309,1.8338965460243755,-0.8679224627511536,0.5571376184034819,0.7492825568794511,-0.5974788580244031,-0.9969188091400807,1.374106693057538,0.5185653218982869
South Africa,2020-01-01,2020,1,Legal,10.093914144916003,-0.012298449308057612,-0.17284567481411092,-0.4357644969706192,0.44231686816448523,-0.7507296070055988,-1.151997547579143,0.10908297034983186,0.005359227576244385,0.5019996318322122,0.04824923781521703
South Africa,2020-02-01,2020,2,Legal,10.235758846469476,-1.176644943900053,0.9280906109910811,-1.770481137776078,-0.5781134587156433,-0.258008536197609,-0.6362237126519298,-0.5650604735511925,2.0832276790346356,1.126422082656109,0.3266690647481792
South Africa,2020-03-01,2020,3,Legal,6.45772413013296,-0.8508840890388987,2.441221722471914,0.43712677973105185,0.09205513731199198,0.4762403533876659,2.5299277492519523,-0.993593003931448,-0.37194422176596337,1.1058991699827339,-0.09146534040914403
South Africa,2020-04-01,2020,4,Legal,6.460600768220727,-0.7548661965719211,0.032143146964560894,-1.7257711248125733,0.02233923931860801,1.693547133413672,0.1514073906247774,-0.2926854589752766,1.3027262851409134,-0.2612945028234588,-0.00653837051312533
South Africa,2020-05-01,2020,5,Legal,9.420173487337733,0.8985117045515645,-0.8258327732380475,1.8463959205992475,1.9333597477143571,0.25675079866178757,-0.0115150880766451,1.0306598082415594,1.659008345894685,-0.021261411650058546,1.992636186841229
South Africa,2020-06-01,2020,6,Legal,5.691252000709493,-0.8059917310594154,-0.526555133136702,-1.3223474346832955,0.4090649383340571,0.6666278834568907,-1.349925637861273,-0.4551989048161591,1.0658010979423664,1.7850707042390657,-0.18620591192835245
South Africa,2020-07-01,2020,7,Legal,7.89204079385346,-0.8987998102438378,0.5510170602262995,-0.7334820666782794,-0.30082595603229867,-1.6273117279473155,0.1869902097246643,-0.04427331984464883,0.6592535423476955,-0.13715396547745168,0.013318563768990224
South Africa,2020-08-01,2020,8,Legal,11.368470487860353,-0.18901429768247416,0.1802948805034444,-0.8148681489093441,-1.4762625440017794,1.8055744326868153,-0.6332727047102726,-0.09676010318688932,0.15402173086991744,0.5160337566420735,0.1428433160885519
South Africa,2020-09-01,2020,9,Legal,0.4594563851123012,3.529055187570484,-1.2444864498888657,0.4498272137265099,-0.7075522852941063,-0.5387903045767108,-0.7202120210067899,-1.125654967800585,1.5874650621119166,-0.32397096670182296,0.7964597449199675
South Africa,2020-10-01,2020,10,Legal,9.388223524361734,-1.4745026870482356,0.9468075665118705,0.055002936033374625,0.42243497290144,-0.4661886119462232,-0.3672039342117483,0.2875639051673281,-0.0811019769767531,-0.020197294504652297,0.12147705048679251
South Africa,2020-11-01,2020,11,Legal,13.941234340363419,-0.35799043441333583,-0.8596135138784541,-0.8905688105910143,-2.1098382406256415,1.3393265894799997,-0.6865387531537689,1.1633760551635501,0.31881511537844504,0.61141000082079,-2.454535289412264
South Africa,2020-12-01,2020,12,Legal,17.985494478963926,-1.2859997065164936,-1.0884112356728457,2.560502959355684,1.7509259419271435,-0.03151851332810415,0.2573731064173494,-0.6308464029471887,-3.292806054266023,0.6590046006401885,-1.1045653322916567
South Africa,2021-01-01,2021,1,Legal,7.265614903541167,-0.7171819007224715,-2.0323537642983847,-1.321555786511051,0.021092747850587245,-1.1310672355025877,-0.06727746491353452,-1.0746610394328626,0.9477958908807762,0.08891092305827575,-0.02266755432960737
South Africa,2021-02-01,2021,2,Legal,5.987762971121154,0.8531653064131918,0.24748054764010466,-0.009664421313347188,0.8789639730706512,0.48060859334734735,1.4465632912513675,-0.4598592623151402,-0.008245348971108036,-0.013980197103075373,-0.4041997242578544
South Africa,2021-03-01,2021,3,Legal,11.506823425310689,-1.3011092663913453,-0.4289807173724197,0.9647698943024456,1.299987372262134,0.960305168086668,-1.7941918665494363,1.0831452126607344,-1.2552710494123107,-1.7309822974492073,1.4080750987851385
South Africa,2021-04-01,2021,4,Legal,4.939799571369953,0.8981173241223475,-0.3677845265710552,0.7025333139338557,-1.332448347894566,1.1711676327061467,-1.464974746104889,-0.6684549108531777,0.6309573400170795,-1.0291935632104765,0.8906816416083259
South Africa,2021-05-01,2021,5,Legal,18.40576456149745,-1.754284852822499,0.09452756758846836,1.8060891178369614,2.666905222320009,0.09715578708624777,1.1166812750675223,0.2320946379285372,-3.1683947822689307,2.0168258989917547,0.6189744019640875
South Africa,2021-06-01,2021,6,Legal,9.366294097802037,-0.34214865112723886,0.19507692542260213,0.5374787046064285,-0.5784597288763313,-0.07749429989298792,-0.05843011899748824,0.8264033173305246,-0.18389761379070518,-0.031404944668769454,-0.4780410388855161
South Africa,2021-07-01,2021,7,Legal,12.59141921429071,-0.05154220860765155,1.9120054690526975,1.1640601525859375,1.3491790488887052,0.02443184017803416,0.32099756368602317,1.0022361667029254,-0.05999823121643909,0.37366047296406635,1.3521960381541147
South Africa,2021-08-01,2021,8,Legal,14.76603729538332,-1.9516029128828867,-1.3154413070498456,1.3094441014026479,-0.2768893557688036,-0.6717207892580773,-1.2541609869956039,-0.5550167015441094,-2.5555149225547216,-1.6422537066307163,0.1536782169314748
South Africa,2021-09-01,2021,9,Legal,5.623542541128554,2.091094272732477,-0.02243605198057349,-0.05795054176271757,0.5880766751678316,0.9623451692665693,0.9458881565546393,1.0736219439075716,-0.12118004598176293,-0.054814731119279564,0.6313720231603889
South Africa,2021-10-01,2021,10,Legal,8.21203597269507,-0.29786680495686124,0.7690316554422755,-0.52738906163962,-0.005106632027225019,0.398763764424814,0.7851850823103762,-1.7776809623702012,0.15709169475979076,-0.41409802377309707,0.009077962536627864
South Africa,2021-11-01,2021,11,Legal,11.704409774317803,-0.23372405785172545,0.707457710864381,0.7769316923548287,1.6079150611191575,1.3534536476212031,1.3465716626102961,1.4436703191662383,-0.18158762781077895,1.046194200708873,2.3212992494780957
South Africa,2021-12-01,2021,12,Legal,10.60049091043038,0.0321850870368397,0.8728170831783343,0.7320809514330224,-0.30906623673826017,0.40482340880826806,-0.03509646678459442,-0.853932908460056,0.023562089139884244,-0.02569345479560335,0.26392183044470674
South Africa,2022-01-01,2022,1,Legal,8.581264890230194,0.05519924253008922,2.0487082576988507,-1.6254922701998327,-0.5567787728433663,0.03263883669087142,1.137381097628914,0.39946937260218507,-0.08972594205354588,-1.848804182467201,-0.22241606706595404
South Africa,2022-02-01,2022,2,Legal,15.317396919459254,-1.127263792554147,-1.1569413972294713,0.3225046602899047,-1.3641059938183584,-0.5318777502893286,0.5009173290858575,-0.9823242722767759,-0.36354782647478484,0.1615481730501609,1.339994427686007
South Africa,2022-03-01,2022,3,Legal,10.709343302901484,1.22393634423789,-1.5714199983383004,-0.9323712431819872,-2.28577724449495,-0.7825913625481332,0.7663884765723994,-0.4138949422748569,-1.1411630508526982,-0.7145585766621573,0.9460716406634188
South Africa,2022-04-01,2022,4,Legal,10.603204411493426,-1.5223343182817441,0.7979752545819053,-0.5551092279283498,0.012169682282905197,-0.09287450139305273,-1.2715485208922839,-1.1530843317397823,0.8450618280702098,0.7058483177059509,-0.014032669962669208
South Africa,2022-05-01,2022,5,Legal,11.675779883313712,0.3989921575016956,1.0500490415534267,0.3246582355025183,0.14299063480921648,-1.7260106186667665,-0.27036669676116976,-0.027384320403744018,0.12953608983384338,-0.0877767747091258,-0.003915701358350336
South Africa,2022-06-01,2022,6,Legal,4.992141028403699,0.6869566320986773,1.5360611817095284,0.5975377058947282,-0.7113032269494793,0.11712421614985134,0.23622364626423303,-0.9391555697706817,0.41048248999341247,0.1411525356668176,0.6680243873854628
South Africa,2022-07-01,2022,7,Legal,9.65289499500513,-0.205766993677172,1.605619832565118,-2.0807405253909783,1.2058184207160432,-0.9367952349593828,-1.372079187269614,1.179942130038464,0.428147722531961,2.854940768997403,1.4227959557793048
South Africa,2022-08-01,2022,8,Legal,3.2579219223455445,1.25451870238119,0.8007019475455768,2.059845001737402,0.5587238369444854,-0.15647737612315848,0.34292637732134257,1.2434691283459636,2.5841140786859853,0.7063751842892818,0.6947558425114715
South Africa,2022-09-01,2022,9,Legal,7.896064271393696,-0.6518885825313808,-0.3089600145979074,-2.1045827987653323,0.13807840841754682,-1.8861287039510257,0.053059312932619035,0.8652897561352498,1.3719534975070586,-0.11166771731229695,0.11947783234716251
South Africa,2022-10-01,2022,10,Legal,2.812204454865674,1.677115870186871,-1.4605008994184878,1.1912606816318325,0.6751370564069207,-1.7160332483106886,2.7107942990405327,-0.06374528550396617,1.997882194694376,3.2292626644387106,-0.043036804414966476
South Africa,2022-11-01,2022,11,Legal,7.364005175613221,-1.407087194784017,-0.22001802765967404,-0.12740687238995974,0.1026455285396643,-0.29779615622395983,0.6332253101150935,-0.38762983266324635,0.17927257866739366,-0.0806772562799264,-0.03978846905146055
South Africa,2022-12-01,2022,12,Legal,12.787641934330944,-0.1493614956496412,-2.367477653373278,0.3537706308913895,-0.9793002302826354,0.16336035491580048,1.3140749815246042,-0.9487486952680001,-0.0528397105468551,0.4648811352525502,0.9291098157563024
South Africa,2023-01-01,2023,1,Legal,6.819137506223091,-0.4333895666861532,1.7531948020655854,-0.36515261319821335,-0.8404929855066914,0.6872384503952884,-0.43578972962363594,-0.8414495141290085,0.15825333280829018,0.1591297585770135,0.7072324142834452
South Africa,2023-02-01,2023,2,Legal,9.016929407934384,-0.04460653218300141,1.342180131244854,-1.934087745459577,0.023080658950420684,0.6249035946540432,0.1934485749917961,1.3098651694335341,0.08627294726259126,-0.37414651826825085,0.030232551246730407
South Africa,2023-03-01,2023,3,Legal,7.6754871110390415,-0.18455144218594463,0.5923295470133433,0.09931381495134962,-0.390408738280471,0.5161440395863797,-0.6525282932166449,-0.6111771520193268,-0.018328507778259603,-0.06480507416303788,0.23860890078571698
South Africa,2023-04-01,2023,4,Legal,10.27740184361099,1.3530691601664073,-3.2210163559857135,0.39559883476294233,0.034271814200222225,-1.6808704592381203,0.3097267791360022,0.475751991831532,0.5352725831155037,0.12252755292108168,0.016304883869435908
South Africa,2023-05-01,2023,5,Legal,9.76577695018374,-2.651828063044949,1.3663894118544384,-0.7377367046848409,0.6865677467531761,0.741073780682286,-0.8766970856192929,0.6604599523515503,1.956350896621565,0.646771618951581,0.45345050130671394
South Africa,2023-06-01,2023,6,Legal,10.839668225788772,-2.0713771793381577,1.167741925527779,-0.7750449630162398,-0.8544934627380543,-0.4030658680367221,0.2722367253273881,-0.05727041082210227,1.6054104493528256,-0.21099570271302773,0.048937191655809106
South Africa,2023-07-01,2023,7,Legal,10.523854877444224,-1.3394893665286587,-0.7423863704307346,-0.11599707232153356,1.8978872926587056,-0.11381253841375806,1.0852222636616315,0.03855516878431771,0.15537684492315,-0.12588260540289664,0.07317336490206817
South Africa,2023-08-01,2023,8,Legal,7.9904501101612215,-0.24672442411444054,-0.16841971202888115,0.6036457389607386,1.3746112675765545,0.3596808476863211,1.1870776787417554,-0.9647897376296856,-0.14893414731422414,0.7165743825878652,-1.3262108441879934
South Africa,2023-09-01,2023,9,Legal,6.387735268658087,-0.7243025342076669,0.31444459087485244,-0.3589583851794136,0.7297729370341954,-0.9310017116324415,0.04303097332128144,0.6868579110122561,0.25999446806054105,-0.015446328696105613,0.5012503150445862
South Africa,2023-10-01,2023,10,Legal,14.013712143553118,2.1216313073302038,-0.2831518848798757,-2.025039913676173,0.15809389857678602,0.03344346797315094,-0.081894379572493,0.9911911129266663,-4.296388079448622,0.16583938734004497,0.15670126727724004
South Africa,2023-11-01,2023,11,Legal,9.688527408368588,0.29787619102384505,0.45015563394664765,-0.10435844943808653,1.7754908492400483,-1.4791960183577666,0.13965167421589658,0.06502463118878012,-0.03108589741977174,-0.014573832182603776,0.11545063765088814
South Africa,2023-12-01,2023,12,Legal,18.399817588072317,-0.8438538774248993,-1.743672602396536,0.15682301609819319,0.28123049221860413,1.489599409447649,-1.2703620463250862,1.15469376671672,-0.1323357102039277,-0.19922200764137263,0.32473509637549725
South Africa,2024-01-01,2024,1,Legal,10.186192701615317,-0.3777648875224771,-1.290942219493224,-0.40697436637337114,0.014004967371380734,0.5637878750069146,-0.5913947298380474,1.555198534147342,0.15374062573756794,0.24068249545239034,0.02178050472675267
South Africa,2024-02-01,2024,2,Legal,3.47648237644455,-1.7392051521728,1.1067104242873174,-2.2746210312061996,-0.2041297688727162,3.1176811292080484,-0.0120435529599315,-1.1207676506962496,3.9560326167144297,0.027394518853105867,0.22878204149664255
South Africa,2024-03-01,2024,3,Legal,9.584929198299907,-0.05080078861953355,0.16064994035311653,0.6622629821596197,-1.0391111683677392,1.6875480552367936,0.24511428437261784,0.7267940464018038,-0.03364348176723275,0.16233011693853094,-0.7552198107192952
South Africa,2024-04-01,2024,4,Legal,4.842854318554707,1.2863821369955335,-0.2570524088130647,0.2775525134935317,-0.9331060771871093,-0.9969316264021268,0.6882053064528826,-0.44360683020738584,0.35703859543629096,0.19101311260558382,0.41393222914822186
South Africa,2024-05-01,2024,5,Legal,8.115453196582889,-0.6431833420270304,0.6989530717174212,-0.6290378612036109,-0.11765493160216407,0.015027750287097009,-1.917348886010299,-1.471126405373518,0.4045866738304738,1.2060850424370444,0.17308527660235876
South Africa,2024-06-01,2024,6,Legal,10.799606760306226,-0.7370293611526971,1.0567249112804185,0.9668071042505444,0.7191686663554372,1.8197717873125976,-0.08308932774318312,0.6488819259038391,-0.7125652224036678,-0.08033135234951129,0.46665554927441155
South Africa,2024-07-01,2024,7,Legal,4.365279606611933,2.4523699128687237,1.9836336524360194,0.01188043451779194,0.3865862299051922,1.3592975993648058,-0.14713950481410695,-0.6566240707997048,0.029135220163239998,-0.0017480812519243296,-0.25384182399545785
South Africa,2024-08-01,2024,8,Legal,11.975341627411252,0.07843924608367009,0.1829944496452604,-0.8342713430679655,-1.7176721483633963,0.23614240987910107,0.9049620414941998,-0.22580674907604184,-0.06543961517946209,-0.754983897782894,0.38786196380039917
South Africa,2024-09-01,2024,9,Legal,16.870773311784387,-0.7039163254155445,-1.05470445496592,-0.06723030719613125,-0.08259257535129046,0.7699687313352226,-0.7749628240639848,1.368094236814898,0.04732451079805895,0.05210098872740311,-0.11299442634180068
South Africa,2024-10-01,2024,10,Legal,1.8242746647801358,-0.03914402696834188,1.2497104201843185,-1.05649707062526,1.075221541181916,1.0472764085594626,0.8634372801898786,-0.015563088870293978,0.041355549824529374,-0.9122189571892487,-0.016733768400668616
South Africa,2024-11-01,2024,11,Legal,6.885014839585223,-0.6417271436521294,-0.625916017684602,-0.9782549380604774,0.12224300454706621,-0.41896344552123466,-0.8246120097650219,-1.0588001482478198,0.6277727471651409,0.8066807705366073,-0.1294309113366926
South Africa,2024-12-01,2024,12,Legal,6.993975284366396,1.1214992118499283,-0.6610250546274942,-0.5149387064332724,-0.45669761502324635,0.33899351380941967,0.4562494885285329,-3.0446565392431624,-0.5775033534159366,-0.2349405214337249,1.3904873800372832
South Africa,2025-01-01,2025,1,Legal,4.781991365818513,1.436368034243754,-1.0501865373616694,-0.9722982447348347,-0.45025338777827145,-0.7560040194566048,0.22392687394660638,-1.9465252863588642,-1.396578118488427,-0.21772370648724398,0.8764296045791485
South Africa,2025-02-01,2025,2,Legal,3.7099969226865417,1.5391972001749075,-0.9282199673480178,1.2434282781029249,0.35533819559013696,-1.8092677145882583,0.6353291952162062,-0.11766730219285336,1.9138813242743282,0.7899862872362043,-0.04181168684116788
South Africa,2025-03-01,2025,3,Legal,13.577107249316152,0.24495709317200393,0.47463348556679213,0.7075918219746196,1.1782528475480023,0.40813591277835637,-1.3756340887863618,-0.47364545765119104,0.1733296358631849,-0.9733874312547374,-0.5580741092056926
South Africa,2025-04-01,2025,4,Legal,3.320292596056536,0.7244910603817276,2.369287300811497,1.3954340821991853,0.24180207155574857,0.3014070697811174,-0.0365800398768458,-1.7378046158464995,1.0109795179052905,-0.05104503437235592,-0.4202047560708254
South Africa,2025-05-01,2025,5,Legal,3.8988860813289197,1.2106745525421971,-0.5996399948212037,0.41195299906180954,0.8515910458931973,-0.9096804393124754,-0.4513028643436645,-1.017911490477159,0.49874101280757244,-0.1859155684515576,-0.8668443108021471
South Africa,2025-06-01,2025,6,Legal,19.93192539883392,-1.2876052836530616,-0.9004484613780268,1.4194556807978391,-0.9154770290902925,0.12645921906069005,-0.502868753670956,1.178865937036939,-1.8276986345066513,-0.7137999090939676,-1.0792246857343206
South Africa,2025-07-01,2025,7,Legal,11.07348753282794,0.8640699821389469,0.30613455310275506,-0.2310595368408984,-1.1918747041912499,1.9435288811221971,-0.7596730177525534,0.6636463470328414,-0.1996516098711484,0.17552969563243256,-0.7909832935573714
South Africa,2025-08-01,2025,8,Legal,9.870825580338133,-0.5552804969053294,1.0380125273159622,0.7642132033388553,1.7279638353817652,-0.4693464664267112,-1.2858640172797149,-0.5054897554445111,-0.4243526872916132,-0.9826742597035002,-0.873468016564088
South Africa,2025-09-01,2025,9,Legal,10.671347272166294,0.05821272708505647,-0.39343789627455045,-1.909197458977243,0.4704829961291065,1.9723444790822,0.46425123812300356,0.6091355190535136,-0.11113959063092553,-0.8863472841514773,0.28658790405295553
South Africa,2025-10-01,2025,10,Legal,7.757404123894275,0.3970466698823999,0.9316659668680948,0.39537368118566585,-0.31267716965327597,-0.795988910008754,-0.24897365528067522,0.31412949645066596,0.1569818034739143,-0.09843763060657156,-0.09822112185480303
South Africa,2025-11-01,2025,11,Legal,7.719352904239218,0.3143386831314305,0.43915013370041756,0.8331794312701818,1.2827949688389804,0.0780074184788575,-1.3077765651476607,-0.3451040968191901,0.26190052523766316,-1.0896125347781997,-0.4426977991253774
South Africa,2025-12-01,2025,12,Legal,12.499030282404767,-1.8357687561770906,1.388664520102482,0.14237791251046628,0.3813528345802849,1.3655264625262657,-0.6301428301423467,0.57404193088403,-0.2613729233564293,-0.08971842073910466,0.21891251751056484
Switzerland,2019-01-01,2019,1,Legal,6.518395223229719,-0.7721923878043793,1.6656032136865273,-0.3755000400755709,0.6994642468957021,-1.8750073874719364,1.1799885296897865,1.0522111559570586,0.28995827256659523,-0.44308574018722885,0.7359840837767602
Switzerland,2019-02-01,2019,2,Legal,7.464283356973521,-0.22694246613792435,0.4000000056135664,2.2887906608802893,-1.7632366989034851,0.7820273875741276,-0.9116173021539026,-0.019918396299731203,-0.5194237970536225,-2.086501167466737,0.03512084733898944
Switzerland,2019-03-01,2019,3,Legal,2.1853300072503314,-0.4283182577977557,-0.010465129052729338,-1.1341711452777905,1.029180436127967,-1.7941435111986004,0.539764512828342,-0.3265358525345711,0.48578620898986846,-0.6121853356948294,-0.33606431112294743
Switzerland,2019-04-01,2019,4,Legal,6.834800390419056,0.2023833705986952,-1.556951086706478,0.03971382171963468,-1.4228769078115544,0.4612720843178312,-0.9243573336303755,-0.45099401702930925,0.008037417098975336,-0.03670976235303361,0.6417089723921751
Switzerland,2019-05-01,2019,5,Legal,6.199745324464974,-0.7725421118422359,-0.05796399966830253,-1.5138305012448536,0.6308756035961556,1.7649138055507714,2.7922088679099613,0.09116814666643917,1.1694978124028896,-4.2269309500884615,0.05751575955693265
Switzerland,2019-06-01,2019,6,Legal,10.715008120731762,-1.7806256729074892,1.5027343263055881,0.7762285047241061,-0.483933444951233,1.2371808002890092,-0.2544760766453415,-0.4580251830145565,-1.3821724035543355,-0.19753158446247046,0.22165370469065332
Switzerland,2019-07-01,2019,7,Legal,1.6028882627699335,-1.0633544998303186,1.021624764399948,-1.0559898119268434,-1.0500547898231862,-0.9096897884083344,0.7595000375161222,-0.6167753615197077,1.1228915182873807,-0.8020243017750803,0.6476479226086964
Switzerland,2019-08-01,2019,8,Legal,4.422533299702271,-0.605679999935798,-0.03204237068048687,-1.1809724836643856,-1.1516811090343435,2.1112963340995843,-0.8605654038138869,-0.3230423687730068,0.7152914138300243,1.0163040622977308,0.37204179353357786
Switzerland,2019-09-01,2019,9,Legal,10.371863362284627,-0.4213568077704417,0.6213467399691021,0.9481429504720496,-0.3059544315315921,-1.236478286592349,1.2744402278489033,-0.09534109119668262,-0.3995064869209508,1.2083515178329303,0.02917002935868271
Switzerland,2019-10-01,2019,10,Legal,15.57841454359906,-2.245585897565163,0.19540322128332027,1.9186063338762078,-0.3532641354381582,-0.22549342333463607,0.29551169159033874,-0.5587958188849573,-4.308395326331611,0.5669706032196964,0.1974025218448521
Switzerland,2019-11-01,2019,11,Legal,5.789361960333067,-0.33781509419140304,-0.6274207344263732,1.2288565502005595,0.4610780322964351,0.25062823210330204,0.8085710068901167,-0.2643558332034669,-0.41512629125372463,0.9936177781191817,-0.12188866739953913
Switzerland,2019-12-01,2019,12,Legal,1.7964180575992867,-0.6026243046145574,0.001783041104608902,-1.059211708372902,-0.5002610165866755,-0.5161166418714347,2.1245562298290137,-2.7738149399339167,0.6383067191978175,-2.2503548337314814,1.3876314816746496
Switzerland,2020-01-01,2020,1,Legal,-0.5432127618353064,1.7256937928147706,0.12184446413245396,0.7534174734210928,0.09982631509976791,-0.6673333812164803,-2.241915934508913,0.20545568703630285,1.3001678572809672,-1.6890986390001934,0.02050988415312527
Switzerland,2020-02-01,2020,2,Legal,9.017334542233241,-0.8003354061653037,-0.49898725597911187,1.7448614066234935,2.404837542253973,0.2172079375284009,-0.4647672239117277,-1.1772264174512106,-1.396474362572177,-0.8109543920671134,-2.8310382844198188
Switzerland,2020-03-01,2020,3,Legal,8.9196422369779,1.782905600065144,-0.24734038702515676,-2.3789960407532242,0.6700496718155238,0.9853997114500497,-1.5858456403858476,0.17648418366295282,-4.241525363591729,3.772720499723693,0.11825316934399216
Switzerland,2020-04-01,2020,4,Legal,9.702103887239208,-0.07310730200893852,-0.7907709190853537,1.0159372235635562,-0.4033797459686826,-1.485186162699932,-2.049474485669681,1.2608495199993097,-0.07427242942518339,-2.082137418735603,-0.5086011590820569
Switzerland,2020-05-01,2020,5,Legal,4.457443139302779,0.0879735471291689,-0.44027463685080326,-0.5289984142031271,-1.0757366484416113,-0.43145564455988483,-2.1200872151201744,-0.7360636534685142,-0.04653786692315441,1.1215227747708962,0.7918106476219071
Switzerland,2020-06-01,2020,6,Legal,1.800666998288008,0.6098800471904189,-0.03992646337336377,0.794923113875559,1.3491351051134295,1.0581700938241017,0.4705098473785568,0.011862679180784205,0.4848077462031807,0.3740191529872764,0.016004356923494188
Switzerland,2020-07-01,2020,7,Legal,3.8608817133966733,0.7399440513793163,1.6797473822215292,0.3421060396504182,1.917259148426123,-1.5255717080610838,-1.1541633847795414,0.8552015077482625,0.2531393289802635,-0.3948462646764507,1.6396429144781703
Switzerland,2020-08-01,2020,8,Legal,7.617739886468796,1.3137821765718076,-0.015471640726739578,-0.8679754225283319,-0.21359324220504247,-1.532683970923734,-1.1285906730970345,0.9724439979180102,-1.1403306398201063,0.9795889663429331,-0.20770746637814136
Switzerland,2020-09-01,2020,9,Legal,5.359159482088896,0.3630042848060769,-1.7210775209604696,-0.35840357551288854,-1.2249998886600506,1.1765332537877655,-0.5837221335626015,-1.0857477107815494,-0.13010203360099687,0.20920809977484825,1.3300408248203028
Switzerland,2020-10-01,2020,10,Legal,1.6336136137478858,-0.6401544568346118,1.4837439102037069,-0.7348108975341908,-1.3992282592246312,-2.1529135157575157,-0.030786502413415195,-0.5619301138579263,0.47039247098715353,0.022622257470340152,0.7862684950193252
Switzerland,2020-11-01,2020,11,Legal,3.042797072268929,1.1892264612557852,0.6672451474292419,-0.028217878937229775,1.3643262441708666,0.662536033398613,-0.8228559015184324,-1.039220163990766,-0.033557448312665925,0.02321924821183219,-1.417835343204154
Switzerland,2020-12-01,2020,12,Legal,5.196509056211434,0.396366956467351,0.1697477679706617,-0.8464978028689074,0.607947567005754,-0.7554988831339492,-0.10198665459367798,1.4469441463869799,-0.3355237577794485,0.08633147903549857,0.8796661733891821
Switzerland,2021-01-01,2021,1,Legal,10.751544398602428,-1.572989257072861,-1.0525471918701104,0.9942988266876233,0.25473113738020947,-0.12887737868875362,-0.5090938053115696,0.4853599075531901,-1.5640213726997818,-0.5061913732952309,0.12363628128977744
Switzerland,2021-02-01,2021,2,Legal,-1.256919362134318,0.3056655686425959,-0.7312545688129569,-0.897659385275054,-0.6374874348250117,-0.3754074464839619,-0.048829835933703165,0.23545579511111434,-0.2743835664474625,0.043832560507329726,-0.1501001108400678
Switzerland,2021-03-01,2021,3,Legal,9.321456360199864,-0.8076505577467649,-0.39156997735603927,1.50506203860833,-1.0800026083821321,0.16279661809991253,1.4950303097358375,-1.3129685299472729,-1.2155641949255007,2.2501133657522625,1.4180094370667082
Switzerland,2021-04-01,2021,4,Legal,8.667074651000036,-0.8022718339345204,-0.5046337422892345,-0.8031108339533145,-0.7318573084158859,2.721912147906493,0.8444558720716657,1.101737861786209,0.6443132016084078,-0.678191659656249,-0.8063149061067283
Switzerland,2021-05-01,2021,5,Legal,12.903792337799093,-1.606256788401958,0.39495797032330715,1.0729296145073468,-0.8533994740391115,0.9653266671611266,0.7043362098540789,1.85204004481367,-1.7234004767799218,0.7557031781223026,-1.5805300001433586
Switzerland,2021-06-01,2021,6,Legal,10.83131223906497,-1.0976109822757267,-0.36162810937254564,1.4355709931636234,-1.828405880841963,-2.0683757154310323,0.08939527893161327,-0.44258929277415615,-1.5756984879328653,0.1283332693599952,0.8092328657059524
Switzerland,2021-07-01,2021,7,Legal,6.165864284236841,0.9453117712358652,-0.5525693461188524,-1.8730058309306206,2.044481557199944,-0.9972282874387761,-1.0590371220120975,1.1037200137225964,-1.7705744595721284,1.9835827047006418,2.2565352123683176
Switzerland,2021-08-01,2021,8,Legal,5.277168189155851,-0.06338985203481078,0.48279012406031796,1.0835831031099956,-0.33346069318177196,1.5199520059142992,-2.1357998487348056,0.7597872369530771,-0.06868817257356373,-2.3143166277139198,-0.2533591787050363
Switzerland,2021-09-01,2021,9,Legal,1.7757355942419215,1.3722713166079914,0.14204447883054525,-0.6729053320094016,0.6628410930216325,0.8931883472072517,0.6418941228586382,-1.0296962396330605,-0.9234086859090791,-0.4319339778570756,-0.6825249809586427
Switzerland,2021-10-01,2021,10,Legal,4.085813781175155,-0.004072837121435025,-0.0412596526500604,0.7497454754383477,-2.0149012325066082,0.3343270545535034,-0.2899813544366399,-0.8385006163839525,-0.0030535912039932546,-0.2174122084503546,1.6894959254095765
Switzerland,2021-11-01,2021,11,Legal,11.121719409414808,-0.21453766451796363,-3.6010851044595187,-0.7012895707915497,-0.8758148246462931,0.5327832093226242,-0.8055266825105205,-0.2151138001704899,0.1504530266684242,0.5649074614389439,0.18839985517531535
Switzerland,2021-12-01,2021,12,Legal,2.8907534963820316,0.9943515198154235,0.9022713999434526,-0.4998724304108518,0.5430322792896524,-0.23389780045359396,-0.19609321067693788,0.4096853437465495,-0.49704891089285996,0.09802158980814812,0.2224723660062535
Switzerland,2022-01-01,2022,1,Legal,3.7176683537123765,1.4930031044432035,-0.16013013959793715,0.618360566259665,1.455600479257298,1.031653774575175,-1.4089191026905246,0.44489589500988425,0.923214245090937,-0.8712200141537718,0.6475906779959921
Switzerland,2022-02-01,2022,2,Legal,6.919028263290984,0.8918630221607488,-1.1132948341146311,-0.6570352370173239,0.9945582357416216,-0.7617603706826457,-0.29969605666431426,1.5758758095019694,-0.5859854321523744,0.19691086962359505,1.5673002648461785
Switzerland,2022-03-01,2022,3,Legal,11.344177649497437,-0.726774137833843,-0.8776173568629051,0.3327193295851879,-1.3331480084772085,-0.24733596389641815,0.33323053499002175,1.2991498205476675,-0.2418118038999292,0.11087224019919353,-1.7319589959766457
Switzerland,2022-04-01,2022,4,Legal,6.245676775439129,-0.7140651179821789,1.1784193175637205,-0.29951503754747755,-1.235703022049409,-0.1720413592654725,1.438169201145702,0.1652400500649252,0.2138732406237763,-0.4307533022807807,-0.20418762922882372
Switzerland,2022-05-01,2022,5,Legal,9.152738549039643,1.6372116447028535,-1.4313548470544273,-1.2855991140527723,-1.615846470966832,0.3726481864800551,0.1664931271151245,1.542736367279776,-2.1047978399468708,-0.21404341671507968,-2.492825114701217
Switzerland,2022-06-01,2022,6,Legal,8.460360473425567,-0.40415715947930275,0.0017948728781070852,0.1177074184609581,-1.671761273328167,2.710331644334893,0.5198710181019115,0.21000830802258905,-0.04757229589482247,0.06119267547344602,-0.35108375642933737
Switzerland,2022-07-01,2022,7,Legal,6.982203176828543,0.709410980586605,-0.14055348550243169,-0.6312411362407006,0.599450686321704,0.38571084053145244,-0.8098900990894081,1.419035611367264,-0.4478093934471181,0.5112359463792916,0.8506418711490451
Switzerland,2022-08-01,2022,8,Legal,3.549473559343716,0.7298193622676307,1.391920887679919,0.021888821164834777,0.31695200698411535,0.8100272385061165,-0.7248610838000522,0.05405166284600126,0.015974885503309933,-0.01586635463264766,0.01713178301986884
Switzerland,2022-09-01,2022,9,Legal,3.52213755279387,-0.9560585516833944,2.317636788673878,-1.4072934434924025,-1.2981039036871578,1.3142265757035791,0.7132662507965424,-1.0259648174807778,1.345454931378883,-1.0037749182103817,1.33180893461748
Switzerland,2022-10-01,2022,10,Legal,-0.49349648829937526,1.4678504449973098,-0.030263057596985755,2.598822900074582,-1.7240618108680354,0.693823453859102,1.166528336221003,0.8913439016052467,3.8146833503436746,3.0316005537570443,-1.5367319811077216
Switzerland,2022-11-01,2022,11,Legal,4.191315451498106,-0.2904414820111494,0.4441451710872574,0.8157544866520694,0.6024734362823633,1.0400578907933893,-1.0188699570667352,-0.22777097912363467,-0.2369289420604714,-0.8311477387921906,-0.1372259644780146
Switzerland,2022-12-01,2022,12,Legal,3.791653532712578,-0.38611277608614164,1.0152208918143053,0.10798392072522883,2.6068591631497697,0.19340636718971696,0.05969188057973627,0.10618291944021628,-0.04169397140388395,0.006445763300462068,0.2768039165127216
Switzerland,2023-01-01,2023,1,Legal,7.715803443763791,-0.057836612377593744,1.1277880271116458,0.11397066812777235,-0.7934597298834714,-0.9250846204786352,-0.4502018916658434,0.07386343441088038,-0.006591677354921346,-0.05130981038554316,-0.058607660715922646
Switzerland,2023-02-01,2023,2,Legal,8.595203507267575,-1.3404886413664368,-0.3198262778887562,0.14431001943507887,-1.833705767629435,-0.8335982829664064,-0.6798885397361863,-0.7959703738504983,-0.19344594188809297,-0.09811472838301645,1.4595754653918163
Switzerland,2023-03-01,2023,3,Legal,6.403306778994774,-0.1605596095017974,-0.5552861026010363,0.427962626552635,1.7230747176462498,1.639256516741752,-1.9227717720623363,0.5770721838351396,-0.06871351220065462,-0.8228744578330619,0.9943384902232378
Switzerland,2023-04-01,2023,4,Legal,5.535674958912905,0.1551553428653563,-0.39828303354254857,0.11758862988720224,0.15140739607201872,-0.5789517573489231,-0.8963675478251808,-0.4486956826194842,0.018244504187216345,-0.10540263182411425,-0.06793584493417305
Switzerland,2023-05-01,2023,5,Legal,3.6050233364146607,0.5989963416842641,0.8533489773401466,-0.49419002306691273,0.28384456730273677,0.9625025919532985,1.1655948951441282,-0.05883285413152208,-0.2960180159139428,-0.5760253681179525,-0.016699386024146914
Switzerland,2023-06-01,2023,6,Legal,4.459244517048072,0.19112423383639218,-1.1497074728974057,-0.19360951103550816,0.7445863984731301,0.6419471294437011,-0.270267604363889,0.21771820108716664,-0.03700346946010002,0.052326378729630724,0.16211001122954213
Switzerland,2023-07-01,2023,7,Legal,4.708551041118218,0.7034921482250248,-0.07782143613647309,-0.275951451696138,-0.36172383609338643,-0.06289386689985824,-0.4478776449319587,0.6581430360025633,-0.19412967955953028,0.12359248630122144,-0.23806602368099494
Switzerland,2023-08-01,2023,8,Legal,5.279380144931247,1.5929640960273812,1.465210503481381,-0.8915434898545047,0.06970426942928022,-0.6506566213361947,-0.3266475631886114,2.002427467644797,-1.4201967693851778,0.2912205084376444,0.13957774371730425
Switzerland,2023-09-01,2023,9,Legal,2.670579187308466,0.36022603707742873,0.5413212940082783,-1.0006293724832407,-0.8550954744092049,-1.206022371408119,-0.8859707338977771,-2.8500301093171823,-0.3604527534329121,0.886528339498649,2.437047848407094
Switzerland,2023-10-01,2023,10,Legal,8.473803612970617,2.05419384125607,0.14782073903652695,-1.4162688593406074,-0.642776382899948,-0.4588768450249969,-1.0175847772133757,0.8601826383951567,-2.909290768420235,1.4411736317063537,-0.5529050849409728
Switzerland,2023-11-01,2023,11,Legal,12.570929748676205,-1.1554517938176598,0.7250810444475082,1.5268126635772652,1.9025582052295598,2.8652120230859626,-0.9019926494431975,2.824220426395203,-1.7641584309538703,-1.3771737996234827,5.373243745615119
Switzerland,2023-12-01,2023,12,Legal,7.028074895734926,-0.5924654553805143,0.3270723748778453,-0.5820613340930124,0.3990441406465261,-1.3200771877373016,-0.23875260206343432,1.2855822343616794,0.34485123336280626,0.13896865807522069,0.5130040579412972
Switzerland,2024-01-01,2024,1,Legal,8.080329574202967,0.14159578673988274,0.47525860471731124,1.1706616293176602,-1.655224712189433,0.5845240518374347,-0.26813913924176325,0.16663789531183848,0.16576075440942706,-0.3139002016285975,-0.27582316230739073
Switzerland,2024-02-01,2024,2,Legal,1.8343847482782283,-1.1941866514118442,-1.0126444414430895,-1.9354299597138063,-0.5491589417637764,1.3304323443788164,-0.12058718847346953,-1.3401248956547858,2.3112646226327906,0.23338805732920828,0.7359415695290735
Switzerland,2024-03-01,2024,3,Legal,10.019028024239539,-1.487861703490623,-1.1251861017311617,0.3888189102637133,-1.173873326306029,1.1126343052033019,-0.071120290830336,0.08559470394452533,-0.5785087661743361,-0.027652913978289603,-0.10047733983353974
Switzerland,2024-04-01,2024,4,Legal,2.867664110389378,0.7728478385437232,0.7831598877770107,0.33505435191217137,0.564789105907648,-0.21208966992042563,0.5422030069090485,-0.33787777547380676,0.25894603166998964,0.18166747708474185,-0.19082968671591635
Switzerland,2024-05-01,2024,5,Legal,6.816923569995483,-0.27464374936629743,-0.4572185393191959,-0.6891117977217902,0.4676901038588855,1.3106059128134633,1.1711019716695594,-1.2565653359454354,0.189260247858862,-0.8070201850127431,-0.587683172473796
Switzerland,2024-06-01,2024,6,Legal,8.368228798306088,-0.31815850161792886,0.6007330151455916,-0.906215332047211,0.14197991387400533,0.3137231828969071,-1.4846047919196528,0.6082671663441893,0.28832011218733455,1.345371624468349,0.08636171988993327
Switzerland,2024-07-01,2024,7,Legal,5.838926637293774,-0.1746479456816279,1.3601681308280127,-0.18969349345240752,0.8495845310466172,-2.2185699659510996,2.4187777793134635,1.495458245242957,0.033129578940634306,-0.4588264068430273,1.2705181919845348
Switzerland,2024-08-01,2024,8,Legal,6.9539256199538,-1.972089026643818,0.28802836830548917,-1.4439255470737569,0.444853537557488,0.4115657191642819,-0.9414031690020248,1.1209670236143776,2.8475497266748278,1.3593160858182172,0.4986661459401441
Switzerland,2024-09-01,2024,9,Legal,10.902786966507925,0.9758233372885634,0.008857703668895378,-1.4155240669137066,0.9778722722111376,-0.27037139913579117,-1.389780143192669,1.352039365974326,-1.3813014189880128,1.9672672404080005,1.32212180692422
Switzerland,2024-10-01,2024,10,Legal,4.885366557442708,-0.041248128979203026,2.159121154603292,0.09131472861134962,-0.38045590416635117,-0.6304584541854775,1.6370824079927424,-0.7801438813877718,-0.0037665617034618702,0.149489735800272,0.29681034577323134
Switzerland,2024-11-01,2024,11,Legal,11.557020747708737,-0.5591638350592083,-0.4603067625743631,1.030249693969567,-0.38003684628935364,-0.4047953794202932,1.1328046971748071,1.5973972932216232,-0.5760783699485987,1.167071692591633,-0.6070698295870955
Switzerland,2024-12-01,2024,12,Legal,3.8532134057711427,-0.6547697756239492,-0.5106084992975795,0.07991526374003749,0.32093006192565754,-0.9878659101397719,0.7230379395798638,0.08551332963959904,-0.05232609930799307,0.05778176763557811,0.027443798176705687
Switzerland,2025-01-01,2025,1,Legal,6.519919607103845,-0.9289264824607304,-0.5041286736516637,-0.07285768884105508,1.889278795503996,0.23817130613962828,-0.8407718898986251,0.22063080430716323,0.0676794366153397,0.061256696740539844,0.4168331002125152
Switzerland,2025-02-01,2025,2,Legal,8.113564714922063,0.3247582395335419,0.5805676870356151,1.209230647223938,-0.024286495670025846,1.6389605275998334,0.9080226625361915,-0.7074395448121878,0.39270761618245154,1.0980088319126422,0.017181227441886254
Switzerland,2025-03-01,2025,3,Legal,6.077528497888866,0.3269945132700978,-0.8351245039722355,1.6529130512304218,2.0777775851984446,-0.03302526371956056,-0.5036502603755963,-0.17237495745366196,0.540493498664884,-0.8324900886304234,-0.3581568228467544
Switzerland,2025-04-01,2025,4,Legal,2.845017947231306,1.277856655030514,0.5704873308635735,0.10172320847176979,1.4980117703044276,-0.3128364730515222,1.030919338366907,-0.2880627983512786,0.12998767891670737,0.10486842277427587,-0.4315214625170462
Switzerland,2025-05-01,2025,5,Legal,9.757526531171127,-0.11356256479045149,-0.05585218265281086,-0.3773865174622099,1.3448540311806945,-0.7329260381085351,-0.7402322525487084,2.1209935658451093,0.04285698084034507,0.2793536719025641,2.852426747135111
Switzerland,2025-06-01,2025,6,Legal,2.147902958304502,-2.3851136986930364,-0.5652587392104036,-1.8119893375620542,-0.9506906934152551,-3.1385146662340397,-0.13698957769394238,-1.1419418191613115,4.321800590904976,0.24822365413855219,1.0856334598983453
Switzerland,2025-07-01,2025,7,Legal,10.449844191314064,-1.6251212588825248,0.08291185317203993,-0.41491627812032733,1.501952965188596,1.411356861745625,0.785345603010283,-0.3266137806612126,0.6742892642297581,-0.32585267463919076,-0.49055853633556595
Switzerland,2025-08-01,2025,8,Legal,8.666445712627283,-1.5530352778398206,-1.4035586295636626,-0.08378309988906465,2.254038108921119,-0.20233890687008754,-0.18324524320928193,-1.4419103561118092,0.13011810981449498,0.015352854515999215,-3.25012089232404
Switzerland,2025-09-01,2025,9,Legal,0.5723956290724308,0.9531762543293538,0.7890752013999099,-0.6292206728473624,-0.7067067683730057,-1.2931222504049704,0.08387250176093364,-1.0804073292785017,-0.5997582040912446,-0.05277431199140625,0.7635311722009198
Switzerland,2025-10-01,2025,10,Legal,4.276410757381296,-0.42369071691067595,-0.48915617518421617,-0.5379785288219551,0.4664445968402613,0.07904780215027922,-0.28815603051111766,0.18301292831148205,0.2279365085591249,0.15502175736554547,0.08536539156280488
Switzerland,2025-11-01,2025,11,Legal,7.922981789492837,0.10527862390967795,0.15060249284463378,-1.5030468593574806,0.995693754370362,-0.8814337052269955,0.09030979920643496,1.1644117405352703,-0.1582387050249188,-0.13573986006643676,1.1593974975664911
Switzerland,2025-12-01,2025,12,Legal,3.772812262185238,0.03433338856883548,-0.36249900288206854,0.9475119085755672,0.6746949778086199,-0.61836502004413,-0.7948936470016904,-2.072355181695998,0.03253129453072386,-0.7531711965851648,-1.3982076333259599
Turkey,2019-01-01,2019,1,Restricted,0.022711351980718053,1.1361913746425418,0.35905509348036657,1.3342291941726903,-0.6973642279161707,1.1381503309676182,-0.5289163791046552,0.7775960617922721,1.5159397022152798,-0.7056956742775412,-0.5422676772624229
Turkey,2019-02-01,2019,2,Restricted,7.464318100130665,0.23513529936618852,-1.98468794144591,-0.2671374859417547,0.4403539938779136,-0.5209685512310958,-1.0504376287559674,0.8461184692959337,-0.06281345272884546,0.2806112672844874,0.3725916472483312
Turkey,2019-03-01,2019,3,Restricted,4.738992808828096,-0.4895706470306716,0.04189592115427648,2.6366691419455885,1.1535028497815438,1.1625736681878402,0.435546318992364,0.16648527257714707,-1.2908358178281074,1.148391539175156,0.19204123636439627
Turkey,2019-04-01,2019,4,Restricted,8.276985041709471,-0.6789803464631321,-0.4805744132024745,-1.874892064047533,-1.1574157902154336,-1.980836470922634,-0.038323835697372494,0.8187659708488161,1.2730148632279707,0.07185305541286524,-0.9476526631514891
Turkey,2019-05-01,2019,5,Restricted,4.498663740846311,0.41478446207924113,-0.963396341198569,-1.9320651585199595,-1.756868699401502,-1.2689825772544985,-0.8888596980356747,-0.15974849799158664,-0.8013906074787451,1.7173348533872992,0.28065713589782226
Turkey,2019-06-01,2019,6,Restricted,4.36007992301166,0.3389758936682615,-0.23227350279947281,0.0105457117410256,1.1402505526712048,-1.18023173420037,0.41870457829236835,-0.013973228476073308,0.00357474206178203,0.004415537787319001,-0.015932981492443606
Turkey,2019-07-01,2019,7,Restricted,5.823125155227799,0.88525632086596,0.8790141545570074,-0.9464907959884281,-0.18216058385792389,0.28121168258406504,-0.2730067480225845,0.5850213322877983,-0.8378869597902098,0.25839837424610823,-0.10656782745888584
Turkey,2019-08-01,2019,8,Restricted,3.3228015934546717,1.8325612403560125,-1.5302791359297876,-0.12243598974739747,-0.9085025115121911,0.6041074554390441,-1.6171718900455445,0.3463127102248866,-0.22437144923570673,0.1980000409493957,-0.31462596700790313
Turkey,2019-09-01,2019,9,Restricted,9.67018389307012,-0.7341618661210142,-1.4464982035406873,-0.46507594620100606,1.0845005302909256,-0.02518868352947947,0.6276804178744745,1.664641821966275,0.341441024550927,-0.2919190642548141,1.805304938666878
Turkey,2019-10-01,2019,10,Restricted,5.891740255909883,-0.5587995720623404,0.4672522151827898,-0.5442961463142919,-0.5044226832971694,-1.5198927996189848,0.9262574910843923,-0.3860025756494393,0.30415245363560733,-0.5041583828919793,0.1947084549687088
Turkey,2019-11-01,2019,11,Restricted,2.3851974376620437,-1.0359619286066395,0.4359476297154724,-0.761941238135084,-0.14170872170182425,0.8778260312391258,0.7907593122325293,-0.022030072516940464,0.7893421145433523,-0.6025121294293008,0.003121853415374123
Turkey,2019-12-01,2019,12,Restricted,-1.4621351042488375,2.9928105700606413,1.745858970273136,0.7226748248882985,-0.7532037815909708,-0.11359216170196468,-0.5434204297765168,1.2638559390963882,2.162828854642423,-0.3927162639294682,-0.9519410727136072
Turkey,2020-01-01,2020,1,Restricted,2.0766892638960277,-0.7841638583598328,-0.4707550991247819,1.1211881425699046,1.6000978468204783,1.5283315634862455,0.7570320650539775,-0.2526248688026368,-0.8791952198249108,0.8487753748837282,-0.40422450862440495
Turkey,2020-02-01,2020,2,Restricted,7.401761749062025,0.2971600238082216,-0.0018287588441004044,0.13998209632135453,0.05389734703320638,-1.326262161949157,0.5574085568511856,0.6322163140318503,0.04159708307557848,0.07802721829548989,0.03407478207742922
Turkey,2020-03-01,2020,3,Restricted,6.632554352683482,0.9465770035733866,0.6040516449216232,-0.4100294115389108,-0.07083684791609023,0.09112486725337687,0.10769944910661848,0.9982176559717297,-0.3881244117514612,-0.04415994174025165,-0.07071059228322549
Turkey,2020-04-01,2020,4,Restricted,-0.27314603263582815,2.0773434395699533,2.206468979884672,0.07964958261392499,-3.8366555484593694,1.2368324661272665,-0.5403763389870544,-0.8014839218310068,0.1654595379075221,-0.043040749854759724,3.075017735693908
Turkey,2020-05-01,2020,5,Restricted,4.0605257337483565,-0.4466430468146064,0.6122698101053926,-1.5594357791262254,-1.0777207457916016,0.3431585541974166,0.6229440304133081,0.641541644936012,0.6965111477006469,-0.9714412094196083,-0.6914027400368097
Turkey,2020-06-01,2020,6,Restricted,3.0487223791215237,-0.97826564926624,-0.5066348337879193,0.23987275228472507,1.4854773692725496,-2.0474371857707503,-0.22072875695836655,-1.3326784410252037,-0.23465927375509654,-0.05294681443998955,-1.9796636646603623
Turkey,2020-07-01,2020,7,Restricted,5.094171544871706,0.9669566453448166,0.5446245744993384,0.44943351594726205,0.9210258397309934,-0.47971889676613605,-0.43263751633352826,2.1857306167225743,0.43458272488589067,-0.1944418000964686,2.013114376692651
Turkey,2020-08-01,2020,8,Restricted,9.193160531341993,0.7351321130540912,0.006381540963314977,-1.8482585300784151,-2.044629003801268,-0.5789842199399048,1.056101251669989,0.7882916566360036,-1.3587141986867939,-1.9519481470255482,-1.6117639846125236
Turkey,2020-09-01,2020,9,Restricted,4.797870407364881,-0.9870461789363153,1.6158724901223136,-0.9648933001863843,0.21282439866996872,-0.010352289907736689,-0.1738738203145863,1.3385921382956065,0.9523942450302216,0.16776968429935557,0.2848850668971101
Turkey,2020-10-01,2020,10,Restricted,1.2394284633478532,-1.349605255711928,0.019995486206419288,-0.3998267342865268,3.377382919082646,0.676507476439975,-0.4093405752186243,-1.0561115691870866,0.5396082619672331,0.16366530540063096,-3.5668931744180363
Turkey,2020-11-01,2020,11,Restricted,9.314250037558404,-1.025219085737433,0.11494177175913174,1.4273286515947694,1.121689142387919,0.2290948316463794,-0.3231676657024847,0.26881235641215423,-1.4633245752348325,-0.46126646852615666,0.30152390152722486
Turkey,2020-12-01,2020,12,Restricted,0.9440260678802241,1.7183639957638757,-0.18919018127507997,-0.08633785824672688,-2.215822425020668,-0.19543484652276386,0.8364841379649409,-1.067722577038545,-0.14835986708254068,-0.07222024892925259,2.365883629902866
Turkey,2021-01-01,2021,1,Restricted,10.139752017273786,0.7927110177336647,-1.4766572235180533,1.0578010075419184,-0.532143890173102,-0.38856822049120293,-1.1238784051255941,0.3780462604278832,0.8385305132482501,-1.1888397092964578,-0.2011750076894874
Turkey,2021-02-01,2021,2,Restricted,-1.288994413161211,0.781497239460632,-0.864285261940536,1.1356205854914763,-0.31667954593424946,1.3744849814275593,0.8066764021643629,-2.9431415654717332,0.8874843526362554,0.9160783281280513,0.9320327345738046
Turkey,2021-03-01,2021,3,Restricted,9.522049929814264,0.9443852228353897,0.15165727214501756,-1.0237559477078506,-0.6335895154938127,-1.9062366200893806,-0.08837328752639603,2.2106897260157647,-0.9668199888051341,0.09047267872364394,-1.4006698324134779
Turkey,2021-04-01,2021,4,Restricted,1.863901237104329,2.190417001188423,0.8823970897899802,1.0274793433526916,1.9740786877450238,0.3772632593422264,-0.18722732150688023,1.0326575166220122,2.250608222049653,-0.19237220535957258,2.038547195303217
Turkey,2021-05-01,2021,5,Restricted,8.121298378049524,-0.47996464271220896,-0.7215690823400293,0.13885603243088018,0.8314988669316621,0.7980910486615617,-1.424167600187599,1.9116060670633215,-0.0666459859941223,-0.19775426247865804,1.5894982787828427
Turkey,2021-06-01,2021,6,Restricted,9.57064756440788,-0.2650649968885794,-0.9026543599878197,2.6983288359370876,0.24207067028796736,-0.8509750806815649,0.8639235499624459,0.7691357793100331,-0.7152325245020281,2.331149826908803,0.18618521364003784
Turkey,2021-07-01,2021,7,Restricted,8.027931752653458,0.8406067127833834,-0.8252919608308644,-0.4929182749492523,-2.010216654566063,-1.3239510842195628,1.8076308056706858,1.6414286277223145,-0.4143504107759469,-0.8910142584763215,-3.2996271647289146
Turkey,2021-08-01,2021,8,Restricted,5.118573736637599,1.6629314471898375,-0.160074486608305,-0.24341030256790827,0.05651064846555637,-0.12492159532356542,-0.21519632356018042,1.1433981071495527,-0.40477464671016794,0.052381002229285004,0.06461416848931092
Turkey,2021-09-01,2021,9,Restricted,3.830939023448573,0.7124817644338045,1.031380525277331,0.3881857956547334,-0.9702713259082385,-1.3528658889640386,0.1487806348073052,-0.17125630482493448,0.2765753006162247,0.05775452910069009,0.16616508195263463
Turkey,2021-10-01,2021,10,Restricted,5.634907828651458,-0.01605403924858619,2.583573660166567,-1.330226255641338,-1.9899462698211248,0.33237683351960967,-0.3764225545881953,0.3160678697299512,0.021355504517565887,0.5007271653288021,-0.6289580783794256
Turkey,2021-11-01,2021,11,Restricted,6.3325522694597005,1.2841046951788975,-1.5072258203839384,-0.556717897857163,0.42876125888076383,0.7704635956872266,2.1934495502883857,0.9557039711138672,-0.7148840665285088,-1.2211326226922896,0.40976883777212686
Turkey,2021-12-01,2021,12,Restricted,7.83910821177408,-0.8904357529426612,-0.564289852719019,-0.5927028229571063,0.6552336285137607,0.2569974455858305,-1.323649570842179,-0.435901469090433,0.5277637844310518,0.7845308372441218,-0.2856173012666033
Turkey,2022-01-01,2022,1,Restricted,3.667124645006208,0.351662354974059,0.5686446160127705,0.38292171005726305,1.6264307346088593,0.23604306382437004,-0.386022797870698,-0.9157550411335605,0.13465915032943093,-0.14781650988173686,-1.4894121442726231
Turkey,2022-02-01,2022,2,Restricted,10.410718857496365,-2.4407040147750845,-0.18428900183271194,-0.20583985992134396,-1.364470853617281,-0.9282658386559959,0.8096575301482412,0.23071174907496253,0.5023941725107652,-0.1666597925899753,-0.31479945719985003
Turkey,2022-03-01,2022,3,Restricted,4.373234945435908,0.30634753393202263,0.09262758794892355,1.2428625628583145,0.12342918170364875,-1.4582131138187504,1.6301299648744103,0.37034026732884573,0.3807478811480781,2.026027505935944,0.04571079614830995
Turkey,2022-04-01,2022,4,Restricted,9.999698669184477,-1.2534017182950186,0.3959142209580454,-0.11717200497437547,1.5741467860324088,-0.34590728066682785,-0.8373807896824669,0.8957962182359285,0.14686359237095467,0.09811758605412046,1.410114737876073
Turkey,2022-05-01,2022,5,Restricted,7.483477478827601,0.1686513676101955,0.6763570476749083,-0.0376871207422379,0.23386510100924698,1.164990882563923,0.6253183340215028,-0.16927443833262468,-0.006355984454468988,-0.023566447556603427,-0.03958738361894282
Turkey,2022-06-01,2022,6,Restricted,1.2011372863070124,-2.3648553727915127,2.052073311421935,-1.7059590948907353,-0.627092824772296,-0.04091753519506904,-0.14648067072816137,1.0064110400265547,4.034346531314902,0.249890032454402,-0.6311131419722764
Turkey,2022-07-01,2022,7,Restricted,5.754484604025422,0.2607668174830632,-0.578212098219754,0.2951409793374166,-0.06477225979787651,0.09293565268297786,-0.5499248324643456,-0.5100639500960824,0.07696297389065264,-0.16230535361549173,0.03303799468915457
Turkey,2022-08-01,2022,8,Restricted,0.6071366631844533,0.9437155057560443,-0.5982793341978477,-0.8687675445729097,0.613460165671837,-0.0325038930576894,0.830498133985952,-0.9057972133711476,-0.8198694027110603,-0.7215098246353588,-0.5556705085797525
Turkey,2022-09-01,2022,9,Restricted,7.922843595130633,-0.5330040818263343,-0.766352609265016,-0.07878840008029991,-0.6368452142703895,0.7410169513364492,-0.28815026242251623,0.15047449877390098,0.04199453884336614,0.02270289815898862,-0.09582896441389444
Turkey,2022-10-01,2022,10,Restricted,4.596483978579741,0.19495509241218734,-0.024129110454973405,0.5106006904103135,-0.7956551338258075,1.399417926653883,-0.2365373833685352,-1.3115491378986817,0.09954420478466933,-0.12077615125582308,1.043540804833898
Turkey,2022-11-01,2022,11,Restricted,9.615227448178613,-0.851180482447485,0.665334534508875,2.2096055760423776,-0.7865720915578501,0.3323723332239848,-1.7555055887046276,0.4539052294413472,-1.880773140234404,-3.8789749375753018,-0.35702918569072634
Turkey,2022-12-01,2022,12,Restricted,8.813694084980762,-0.6248346184344822,-1.101286489839828,0.7321512260547355,1.0073043574732625,0.023385214658507663,-0.8644267053357196,1.5895230361038624,-0.45747343196824897,-0.6328910721460027,1.6011334805715505
Turkey,2023-01-01,2023,1,Restricted,4.348142729145301,-2.162032299927439,0.4583890099570684,-1.1047746736415167,0.9886087934991747,-0.38113769667341885,0.6037132405441962,1.401500346552158,2.388558528554754,-0.6669670982952768,1.3855355666936042
Turkey,2023-02-01,2023,2,Restricted,8.63640980750909,-0.5659371308924055,-0.07567107265706344,1.5375513190343435,-0.6583827179404454,-0.5945036959490072,0.4781405755558084,-0.5772287257105709,-0.87015738209413,0.7351656726296734,0.3800374173066256
Turkey,2023-03-01,2023,3,Restricted,5.875844405713942,-1.5515374209681267,2.2143299425565965,-1.3477092303094034,-0.32175270399020833,-0.032481035842094615,1.9126881343567956,-1.32484578093274,2.0910213034091907,-2.5777474533759257,0.4262727123851283
Turkey,2023-04-01,2023,4,Restricted,3.341244941252567,0.7571768211020226,0.4170953244232462,-0.9846336870179557,0.5711412420380737,-0.7234866224198,1.2666612531984123,-0.9710620291077331,-0.7455418050862196,-1.247197339939537,-0.5546135734006028
Turkey,2023-05-01,2023,5,Restricted,14.56660751405885,-0.5552730880131714,-0.9875229624269946,0.7413198169079143,0.5354587474096335,1.2090101989009971,-1.7798751082081674,1.0641707023410438,-0.4116349439398164,-1.3194566893358328,0.5698195113055653
Turkey,2023-06-01,2023,6,Restricted,3.2426420923256423,-0.4516410891769469,1.8951486121089698,-0.2631612720598266,-1.372409737561307,-0.3056324424067956,1.048203967675276,-0.8381764823315314,0.11885444354229092,-0.275846689511583,1.1503215661466764
Turkey,2023-07-01,2023,7,Restricted,2.829427724943434,0.5935394322931908,0.003060116738572855,0.5846229524867408,0.23782954075833587,0.47962531955157295,-0.4323011858095411,0.23173094203039254,0.3469967753245492,-0.25273319561149304,0.05511246352258481
Turkey,2023-08-01,2023,8,Restricted,-2.4093455045240626,1.2884336225033886,-0.6342747168173137,1.1288474875493895,-0.2336069609828654,0.20199901075732124,-0.4949645508907007,-1.015995431168029,1.4544450576371086,-0.5587394896989794,0.23734360504763927
Turkey,2023-09-01,2023,9,Restricted,7.306833387013583,-1.0553241585924595,-0.3239088532159216,0.2118791788288839,1.0103793132832635,-0.4457574597968489,-0.8819607642671741,-1.4427147860027125,-0.22360121612085318,-0.1868691224922237,-1.4576891747450311
Turkey,2023-10-01,2023,10,Restricted,1.2116585611696857,1.3831945153293432,1.2663302679562887,0.7099327481472374,0.638543317267599,1.697623779709341,0.3320814614168105,0.6461296760241716,0.9819750834899467,0.23575550451238705,0.4125817867135136
Turkey,2023-11-01,2023,11,Restricted,9.26882271878606,-1.3620433708547575,-0.6838489004995763,-0.009159038534655271,0.06078537250130285,1.9262858548553932,0.0812771675910687,1.178843444025644,0.012475007719530484,-0.0007444207099542327,0.07165643786581752
Turkey,2023-12-01,2023,12,Restricted,6.036449491163383,-0.31167588576523414,-1.3290076372234483,-0.7423280128765718,0.5269813913637531,0.007560180394133265,0.9429386198972337,0.18125394834505026,0.23136574094165166,-0.6999697519728906,0.09551745788904842
Turkey,2024-01-01,2024,1,Restricted,-5.587516681309817,2.1482968637869586,-0.09390356871304721,1.163000969705304,-0.4012092065446777,0.7095994793835665,0.9280156591516868,0.20849197057558072,2.4984713357990964,1.0792831114951187,-0.08364889808556503
Turkey,2024-02-01,2024,2,Restricted,6.317622693702263,0.018252460856112946,1.2304600477599754,0.5274808330277304,0.4458388752292466,-1.722256933957519,-0.7204550706750589,0.41135763115143903,0.009627823257188499,-0.38002624083873243,0.18339922358952487
Turkey,2024-03-01,2024,3,Restricted,4.03272288880741,1.2146667801329027,-0.14486675514609437,0.40582408667381425,0.016374241931293703,-0.9869427365015568,-2.2557913310947475,0.43100969213007667,0.492941036660458,-0.9154544566682337,0.007057456973670291
Turkey,2024-04-01,2024,4,Restricted,5.02742775578604,-0.6181750421001689,-1.6191730565158646,0.629739514408738,-0.265920074195552,0.5568747223681456,1.8640485304117584,-2.141430880319705,-0.3892892508317615,1.1738650163758224,0.5694494585792622
Turkey,2024-05-01,2024,5,Restricted,2.3336506677547346,-0.20937561331191326,1.4548261741466506,-1.636403019206485,1.9358610256806046,0.1358559015662905,-0.09600066173385824,-0.19805976321890642,0.34262288577182437,0.1570957727071061,-0.3834161763710099
Turkey,2024-06-01,2024,6,Restricted,6.13571942552726,1.0481167592691547,-1.0685207540824389,0.3454141816438536,-0.38418166570697554,-0.7621334485140979,2.585975175683896,0.41905073475346005,0.362034392670163,0.8932324990601734,-0.16099160929331627
Turkey,2024-07-01,2024,7,Restricted,4.380084183198597,1.1377767806686623,-1.4213499453185472,1.7522919091220317,-2.5089571784950757,-0.7687664100385205,-0.45903167317890037,0.5817233649705059,1.9937170471526093,-0.8043574869421358,-1.4595190124410617
Turkey,2024-08-01,2024,8,Restricted,6.277865764355033,-0.16681474069839325,-0.011997344627723866,-0.9780230235225682,-1.4972323944841732,0.7265116223360603,0.6937061125361853,1.5844943751570586,0.16314865706597578,-0.6784605496187269,-2.372356307363107
Turkey,2024-09-01,2024,9,Restricted,6.165491897356635,0.6928152103009225,-0.28370672836473176,1.1904749851934822,1.0219627766781416,0.2112093992244567,-0.33953015666598657,0.9609321786082614,0.82477917722481,-0.40420215822968103,0.9820369174498748
Turkey,2024-10-01,2024,10,Restricted,8.277852438719208,-0.6844404020861823,-1.327798673479431,-0.2885329006817962,1.515413815348209,1.1464871587330383,-1.1123274696705807,-1.167757415899921,0.1974835745577411,0.3209430713320954,-1.7696357210300648
Turkey,2024-11-01,2024,11,Restricted,6.467471653792284,-1.135635904757829,0.509295323642008,-0.6160712153363238,1.6170449245216825,-0.7704247991378789,1.1433615302058282,0.18485865406036467,0.6996325920237214,-0.7043921274827035,0.2989247483022222
Turkey,2024-12-01,2024,12,Restricted,11.908502777919647,-1.9703085813514014,-2.2029133532057186,-0.22056594026731396,0.24690606341661173,-1.1251978277377233,-1.0886934104763422,0.561472629826133,0.43458296486252934,0.2401286857445432,0.13863099674654294
Turkey,2025-01-01,2025,1,Restricted,9.694361156125485,-0.13774106038792705,0.780201721186075,-1.1742022957201466,-0.3559349170869707,1.6478776057836733,0.0683221299398179,0.12631251458700002,0.16173586932243128,-0.08022400182382433,-0.04495903440657063
Turkey,2025-02-01,2025,2,Restricted,11.99755424622272,-1.3993421658487708,0.7964303666421104,1.6639862798080995,-0.3248579264985461,0.8596307868548461,-0.9820194972109048,-0.6867323955673516,-2.3284861647293047,-1.6340669698629937,0.22309046208338917
Turkey,2025-03-01,2025,3,Restricted,3.877921893595083,0.7985666731105902,1.1209365124062458,1.569628586939493,-0.06744655855518213,1.1936117551725878,-0.3423048434491489,0.9020913115882678,1.2534530786915477,-0.537291467725632,-0.060842954469159154
Turkey,2025-04-01,2025,4,Restricted,8.244620930931262,0.4456779070819239,0.42350787402203743,-1.6047050097978122,-1.1241218588607733,0.10254143981752241,-1.6872790796411685,0.8312111031997558,-0.7151815702505671,2.7075851920272247,-0.9343825704346236
Turkey,2025-05-01,2025,5,Restricted,6.596897241581807,0.32717055287779023,-1.1211340127579221,1.3801389388685148,2.037210639718358,0.14707682744597397,0.5105353784512363,0.20173865479604391,0.4515408196777787,0.7046097554705248,0.41098413399296957
Turkey,2025-06-01,2025,6,Restricted,7.662531951540224,-0.119558756626396,-0.034564239843803336,0.9057176004973654,2.3456241618964406,-1.4000712344017388,-0.10381248440296688,-1.1804604852320821,-0.10828647017010787,-0.09402479427512533,-2.7689166363243682
Turkey,2025-07-01,2025,7,Restricted,11.518035404612306,-0.5877379693198984,-1.443200793785794,0.6381869988485734,1.7443111147431112,0.6635978685607627,0.20479787728191737,0.4091409227759942,-0.3750867307496209,0.1306993426731053,0.7136690590944196
Turkey,2025-08-01,2025,8,Restricted,9.030671183866016,-0.8741992700141499,-0.111847104086313,-0.45269014850953365,-1.1678653072917102,-0.3283752594168024,1.1077210959824486,0.5666021483927255,0.39574139736963143,-0.5014544274474381,-0.6617149921448136
Turkey,2025-09-01,2025,9,Restricted,5.260693891908405,0.1464756116533182,0.5233237827285886,-0.8005903423481054,-0.3095098859272293,0.19200423696867674,0.27751585888189023,0.320187854921873,-0.11726696007917817,-0.22217651646928102,-0.09910130645215315
Turkey,2025-10-01,2025,10,Restricted,5.484358479932745,-0.37742340113033,3.157771283044298,0.9067872729323987,0.4131474759526224,-0.23320849820639397,-0.45121882694387627,-0.1308005937269556,-0.34224273665184274,-0.4091594895801935,-0.05403993515139612
Turkey,2025-11-01,2025,11,Restricted,4.923074913505275,-1.880435544063081,-1.5693895953746837,-0.6368823889389575,0.20713943677856853,-0.23927314715185138,1.4781212260994843,-1.4823967869957688,1.1976162815486235,-0.9413893776196205,-0.30706283554066316
Turkey,2025-12-01,2025,12,Restricted,-3.5084423443272685,1.5200917409911012,0.13111932467514684,0.8848425828011585,2.0512469432694633,-0.6938044179018226,-0.09931433779203207,-0.2724269009308716,1.3450419021932756,-0.08787755516108836,-0.5588148477988232
UAE,2019-01-01,2019,1,Restricted,2.9483750827512414,0.8810621873806654,0.5405895418122408,0.6190831693880101,-0.3755089806394995,-0.6560972360056414,1.2692556718986205,-0.49731714635766955,0.5454507713915552,0.7857748241227063,0.18674705468331326
UAE,2019-02-01,2019,2,Restricted,3.6135978495251178,0.16333468067753845,1.4617170162571183,0.9714123576723597,-1.2952586206671208,-1.18755316677504,0.5789098180691342,-0.06433764737916652,0.15866532724662963,0.5623601512502144,0.08333389240130683
UAE,2019-03-01,2019,3,Restricted,3.4951742038999987,1.0156278839944708,0.18745938208891083,0.05245738688944395,0.7798286407550497,-0.3751089949435645,1.568518985472554,-0.788047623233008,0.05327718484640526,0.08228040726437189,-0.6145421068760442
UAE,2019-04-01,2019,4,Restricted,5.051112044139899,1.4338328386598451,-1.3772954892721,-0.3433351758524492,1.1422073928855578,1.1572445477310251,-0.17149560038823927,-0.7346710936768595,-0.4922852498042944,0.05888047211721749,-0.839146754537027
UAE,2019-05-01,2019,5,Restricted,5.04715563615213,1.1835491025816047,-1.1646633485123947,-1.2039136489663802,0.22525668198359955,0.6293606334288918,-0.2990690852300547,0.6792938199823493,-1.4248909188199044,0.36005335369235253,0.15301547198118856
UAE,2019-06-01,2019,6,Restricted,10.969410369316211,-2.1146935990737354,-0.42390107233259605,0.06323214651310118,-0.27583995989645654,-1.1586032636594852,-1.8156489758788175,-0.5140888043678978,-0.1337166154869477,-0.11480738205913149,0.14180623518005822
UAE,2019-07-01,2019,7,Restricted,0.2958918967115025,1.2561974394136823,1.187713384138455,-0.815909535148553,-1.153706323630364,0.49663461497989536,0.6351000115979253,0.40016960520049744,-1.0249434688468202,-0.5181841552357038,-0.46167820404448007
UAE,2019-08-01,2019,8,Restricted,9.031696079620007,-0.8668845848834666,-0.02968879028597843,0.48721819463042715,0.7673073626024868,0.1442535222820402,0.3307838065382363,0.08486545836110417,-0.4223619423998699,0.16116388903454,0.06511789103111
UAE,2019-09-01,2019,9,Restricted,7.906677404093225,0.312865651490911,0.06573766004728737,-0.26836879913738076,0.0812914250424811,0.48459137883927483,0.2674753888980612,0.3808264183452537,-0.08396337918195007,-0.07178204891737659,0.030957922241109742
UAE,2019-10-01,2019,10,Restricted,3.8976351036000842,0.2651639227465874,-0.6489985204731576,0.8836067859941692,-1.3661983376689177,-1.0814133807392872,0.3358472647200691,0.5163966677865788,0.23430064153971827,0.29675692216423316,-0.7055002691077923
UAE,2019-11-01,2019,11,Restricted,2.3808707198331156,-0.38281748098675,-0.6060838322196587,-0.48667632288159673,0.9435977762729458,0.7065054635472527,-0.019122179853707483,-0.5459619271149279,0.18630820398142706,0.009306312176682907,-0.515168460355338
UAE,2019-12-01,2019,12,Restricted,2.454504843147272,1.4201849387819487,0.5921139002849184,-0.7066691040731404,0.7195994976248915,-0.07022362057462567,-0.2871095048623429,0.43521152828960236,-1.0036008183072076,0.2028914165719548,0.3131779971177591
UAE,2020-01-01,2020,1,Restricted,-0.7467257536822309,-0.34375651951011005,0.12146106419954589,-0.49945119288521345,0.669085210267524,1.8690665036782608,-0.7542981326071427,-1.6651252963040444,0.1716896037313936,0.37673510212172634,-1.1141107089993647
UAE,2020-02-01,2020,2,Restricted,6.830521291870256,-0.15046814149498222,-0.6631645901261828,0.2078605010670802,0.1325976720261008,-1.6032168466140961,-1.814883829481406,0.29593324034609525,-0.03127638328577933,-0.3772426621745464,0.039240058745032794
UAE,2020-03-01,2020,3,Restricted,4.734990703374395,-0.42581799836655126,-1.6571435851323046,0.47139126276499077,1.2718995454239435,0.27798244021892227,-0.8474738905650646,0.04455216557115131,-0.20072688395806937,-0.3994917874338254,0.056665879137599615
UAE,2020-04-01,2020,4,Restricted,2.8266071598227844,1.0579607138387925,0.08184433452953882,-1.7681569117532319,-0.3006743604436826,0.46330151023423083,-0.33304762097552243,-0.2758957214401739,-1.870640548537444,0.5888804529708406,0.0829547695931727
UAE,2020-05-01,2020,5,Restricted,8.838250034112997,0.5665409870816561,-0.6484692000191374,-2.1564453770050327,-0.3712573706703938,0.981149715570353,-0.3869294465999474,1.7379849851235203,-1.2217146924761053,0.8343922163475722,-0.6452397358415817
UAE,2020-06-01,2020,6,Restricted,1.6709467261356559,0.3387581622803661,-0.12839826591760886,-0.06828620776429063,-0.263423635119504,-0.30226939208252646,0.5308671620671488,-0.9358312297905655,-0.02313251025132636,-0.03625090532415667,0.24652006440978666
UAE,2020-07-01,2020,7,Restricted,7.271758851008352,-1.1231950508753776,2.045654547677154,0.53034290167058,0.3044922016801448,-1.0575146702934315,0.6233423006748285,-0.1165713464533289,-0.5956785224232825,0.3305851644739037,-0.035495065934393055
UAE,2020-08-01,2020,8,Restricted,8.510901811024418,-0.976620315863556,0.1602688574175767,-0.4238335382064832,-0.7656111570301878,0.7341063358072487,-1.5377078085300024,0.5647762643141506,0.4139244439567841,0.6517321412170083,-0.432399009184744
UAE,2020-09-01,2020,9,Restricted,8.168841145356,-0.8796436755512407,-0.8203284611324674,-0.2230256812664022,0.28203621046222055,-0.1528549918142255,0.4335624601918793,1.762979652537399,0.1961831300114975,-0.09669556305583127,0.49722410032365033
UAE,2020-10-01,2020,10,Restricted,12.718143127496404,-1.7151799707034205,0.8259235830306532,1.6833145759275296,0.3927683630511244,-1.087748675353668,-0.12389236323520093,-1.1185234842116323,-2.887187445024021,-0.20854982087992172,-0.439320637928043
UAE,2020-11-01,2020,11,Restricted,3.5996112439714034,-1.3512904026984345,-0.3001287868282,-1.0043378262939064,0.12682468513496187,-0.36634167713775767,0.17676210325026384,0.02235055496636566,1.3571520657379632,-0.17752886654950903,0.002834602096200983
UAE,2020-12-01,2020,12,Restricted,9.528679957729656,0.6268770635290218,-0.0487656518431153,-0.9885290078659005,2.2409265562057925,0.47643016671712474,-0.15326055339930542,1.4152045267018234,-0.6196861616642331,0.15150250279679425,3.1713694063487656
UAE,2021-01-01,2021,1,Restricted,6.350174823936654,-0.1453494223138851,0.34739748643476165,-0.9880028180029409,-0.1471927507680115,-0.19906255375986986,0.184827033621654,0.33276047863701036,0.143605638841218,-0.18260963006131845,-0.048979930197461684
UAE,2021-02-01,2021,2,Restricted,3.8116777365539916,0.23764265629995912,-1.2107426266291645,-0.9384671057410849,-0.546407619463673,-0.2822405919232289,1.0507742904721138,-1.162938986852913,-0.22301981585844605,-0.9861171071665067,0.6354387233877958
UAE,2021-03-01,2021,3,Restricted,1.1519274219871485,0.9530094982140498,-0.29987747449661223,0.46041564984282407,-0.13954204292790354,0.25678325732472285,-0.22847254380954055,0.667065472728354,0.4387804874266054,-0.1051923347293127,-0.09308367883118225
UAE,2021-04-01,2021,4,Restricted,7.748470516006268,-0.36331200838854505,0.29657267669430815,0.533695248006193,1.4929526227538277,-0.3910246668655764,1.4794817618608729,-0.6590238266596706,-0.1938978924205526,0.7895923858169779,-0.9838913504688191
UAE,2021-05-01,2021,5,Restricted,6.678374985875699,0.8174671266983724,-0.9134585796322228,0.30703923725182186,-0.05123583553219154,0.6255845936750002,-0.22327158843330946,-0.3072462256617315,0.2509944830599067,-0.06855313821256603,0.015742017085891083
UAE,2021-06-01,2021,6,Restricted,5.294426289080961,-0.09872089445567296,0.8264223241917663,-0.22535148504419983,1.6666632592275235,-0.6783346293354934,-0.6141435312471847,1.524517181115903,0.022246900170477615,0.138398156796842,2.5408567738269876
UAE,2021-07-01,2021,7,Restricted,7.304076534547692,1.6010743061643926,0.8918405795948128,-0.15464970656083346,-1.8132934720171585,-0.019318304271835673,0.10163005353342468,1.167217733304373,-0.24760567163041336,-0.015717057956705922,-2.116508296223484
UAE,2021-08-01,2021,8,Restricted,4.324007058607334,-0.6849871791437476,0.8011817639881827,0.7654021560133495,1.0734127024104452,0.4986899121355445,-1.94249769096177,-0.1554224325277597,-0.5242906637581269,-1.4867919207130917,-0.16683241331482762
UAE,2021-09-01,2021,9,Restricted,2.200865989788095,-0.20260577291807386,0.980004236133894,0.30515083587497266,1.1480908663974327,0.3417539207135393,-1.2983259396689026,-2.5208470065727346,-0.06182532095904514,-0.39618524572812497,-2.894161423831466
UAE,2021-10-01,2021,10,Restricted,8.885086138748143,-0.21392646635116538,-0.9769457393818821,-1.700627249651378,-0.7347432134727092,-0.19449148486477605,0.6658778237063901,0.18863108156798009,0.36380917809842045,-1.1324099719336433,-0.13859540703209042
UAE,2021-11-01,2021,11,Restricted,5.505925124469216,-1.0356040560453943,0.8810588920574334,0.04729874312872792,0.6946691241185846,-0.43651486326554356,1.0716803738905898,0.29522475834524287,-0.04898277022995986,0.0506891347207501,0.20508352429781065
UAE,2021-12-01,2021,12,Restricted,8.860476410212534,-0.012024028913188121,-0.23955585893709902,0.4891783506377937,-1.1797767493745086,-0.029351702115694572,0.3953072526493312,0.03302330719303324,-0.005881894631774508,0.19337574984615744,-0.03896013001379258
UAE,2022-01-01,2022,1,Restricted,0.40688479458893934,0.7740227740710525,-0.007480796740746615,0.21668909749767315,0.2956655514819996,0.40329960416682403,-1.825657995664608,-0.30152629576934703,0.16772229635610172,-0.39560018341997477,-0.08915093852496851
UAE,2022-02-01,2022,2,Restricted,2.3898154686043815,1.2782809474594865,-0.06084952000292773,-0.19334094967962276,0.8967973320332352,0.42232479744987467,-1.1286345143792071,-0.0709053625273688,-0.24714405233918507,0.21821126885127576,-0.06358773994139368
UAE,2022-03-01,2022,3,Restricted,8.435922396322763,-1.744532888606054,-0.6902762332372047,-0.18354032201646558,-0.1149509314918426,-1.4822314236773086,1.1516655830474756,-0.10210305889143893,0.32019212814307,-0.21137707196781425,0.011736841727737366
UAE,2022-04-01,2022,4,Restricted,8.467784174688209,0.4006416383398367,-0.7880762539036712,0.45635597313269627,-0.367074646018183,-0.8965855406471918,0.573447493355399,1.4916738588018077,0.18283520474205392,0.2616961888707085,-0.5475556536942506
UAE,2022-05-01,2022,5,Restricted,2.4958379987704973,0.9229775651404306,-0.520630606562299,-1.5976197291684564,1.4901375220998412,2.05451488940476,1.542806773769682,-0.3357859389797497,-1.4745671676482162,-2.4648185400691793,-0.5003672270672527
UAE,2022-06-01,2022,6,Restricted,8.62227164097158,-1.0656826978195666,-1.6837325676140487,-0.10737861841004537,1.6056779580824545,-0.1416626318722431,0.3023229003482745,1.3755969643042085,0.11443153575535493,-0.03246301535311554,2.2087657247884045
UAE,2022-07-01,2022,7,Restricted,2.01653235676841,2.035531456719595,1.9920944074974534,-0.13111133868048266,-0.5775342640192128,0.6972380463903131,-0.34752494251885807,-1.1565552170673363,-0.26688125421673903,0.04556446043850527,0.667950266086565
UAE,2022-08-01,2022,8,Restricted,6.883382533414278,1.21644738727708,0.15551160376356082,-1.2628647537281779,-1.2295262512173861,0.10722928841915275,-0.49987103450503223,-0.3410929321416081,-1.536208530156955,0.631269510886047,0.41938271417281764
UAE,2022-09-01,2022,9,Restricted,6.57087848505553,0.7331793174225577,1.378142680497613,-0.9906232233772576,-0.34319156868671197,0.7589816954601127,0.44807834101289173,1.5323803825876219,-0.7263044587386717,-0.4438768104997249,-0.5259000273249897
UAE,2022-10-01,2022,10,Restricted,2.6460647153361014,1.8481091041055524,0.5400178017231407,1.0621674475886602,-0.32351494678445714,0.01428721188398906,0.910944403839475,1.6129781705930544,1.9630013299731601,0.9675754923213489,-0.521822547023903
UAE,2022-11-01,2022,11,Restricted,4.696625252125034,-0.08317177193461948,1.3773350295283417,-2.1919786562798818,-1.4222345015068738,0.681634223668389,0.014108356253124855,0.6055136511241652,0.182310748885664,-0.03092521578204249,-0.8611824057621842
UAE,2022-12-01,2022,12,Restricted,5.2036216367452255,0.5709456946038727,-0.8144028209931906,0.5704860860796908,0.9944145282075845,1.2205506039312326,2.0135542946486997,0.24409844350238635,0.32571657467861376,1.148704708663089,0.24273503853163123
UAE,2023-01-01,2023,1,Restricted,7.30314787524808,-1.5231724641738478,-0.531411401138425,-0.19308207400661265,1.050319552276355,-0.6110011240896291,0.7963400197488324,-0.0016217169633801235,0.2940972984524494,-0.15375898262757143,-0.0017033210348963816
UAE,2023-02-01,2023,2,Restricted,5.919573694462034,0.24889396913325626,-0.3911563722528423,-0.4290372480926655,-1.7047859057901145,-0.24795420732788961,-0.4799681461487265,-0.5159809893490795,-0.1067847835837931,0.20592421259578791,0.87963711829795
UAE,2023-03-01,2023,3,Restricted,4.796132750485601,0.6586319527905097,0.2321945046423276,0.9954151904494745,0.5755619258303651,-0.29505618980564224,-0.4628562857143799,0.31282223676684645,0.6556122507230745,-0.46073417779511583,0.1800485690360886
UAE,2023-04-01,2023,4,Restricted,3.9776283259275784,1.397844307031498,1.1911730449400955,-0.541473006507169,-0.10200628012726169,0.67101780491777,1.067997778058972,0.9389694687047921,-0.7568949595572755,-0.5782919678285678,-0.09578078265564711
UAE,2023-05-01,2023,5,Restricted,7.309937179635227,-1.2540226524285165,-0.9989363762455913,0.2726335143194143,0.34222557942434556,-1.098679373434385,0.04456961088927163,0.631224356971783,-0.34188860276773986,0.01215116964859096,0.2160211213114284
UAE,2023-06-01,2023,6,Restricted,1.341938195235069,1.1049972018044145,-0.37753114855982517,1.257613112576651,-0.5334524457759005,-1.026625482884179,-0.4581369898417196,-0.09514812307732015,1.3896589703497395,-0.5761590857813425,0.05075699896658283
UAE,2023-07-01,2023,7,Restricted,8.543674839719097,-0.21600142157311336,0.33396514967619034,-0.17117936979639942,-0.06611239395200703,-1.709226399202596,0.3916980160104727,-0.08920329769166797,0.03697498722001194,-0.0670506195311727,0.0058974435588097125
UAE,2023-08-01,2023,8,Restricted,14.023670015418345,-0.939565167253958,-1.808295328499514,0.6180684939300418,0.3465270183130003,-1.0084330205311458,-1.5297489550040915,1.53739673068429,-0.5807156278737816,-0.9454896327104341,0.5327495050481817
UAE,2023-09-01,2023,9,Restricted,12.440661072593564,-2.4874567587061294,-0.45822302925650094,1.6641920547838993,-0.47606255777786693,-0.49061223402665266,-0.28275932762936834,-1.1208969737681593,-4.139605774457252,-0.4705658264568323,0.5336170803375405
UAE,2023-10-01,2023,10,Restricted,6.738812914171261,1.0525473107347487,-1.8429369062476757,0.2472714521087559,0.8865794927576496,-1.4512262989011584,-0.9242684025950716,1.21317918839159,0.26026490193854723,-0.22854519004792356,1.0755797894683528
UAE,2023-11-01,2023,11,Restricted,7.134285163836416,-0.6172857068788872,1.202249003361171,1.2065357234543024,0.2690526930157071,-0.9001602278736632,-0.41344870347179546,0.28638674395539016,-0.7447772569271186,-0.4988406305545861,0.0770531247051975
UAE,2023-12-01,2023,12,Restricted,4.129956409444655,0.9389571782348514,-1.5297740801093362,-1.4942635290662387,0.18087111148243243,-0.49154441380690456,-0.6270486146977409,-1.7680567191743972,-1.4030494667912863,0.9369758758943424,-0.31979038396105613
UAE,2024-01-01,2024,1,Restricted,2.390899435012221,-0.05275510800076566,0.6534789819517407,0.0689061331209721,-0.13260407824049675,1.1770006367903372,-1.31246730344855,0.5363892188475762,-0.003635150494712019,-0.09043704672834907,-0.07112739794342292
UAE,2024-02-01,2024,2,Restricted,7.166281272958632,-0.8383618800008077,-1.2126571326233138,0.7819425354519183,-0.06541023359539401,-0.013503244592976752,-1.106732987729451,-0.2996934959328892,-0.6555508140740685,-0.8654015984934437,0.019603021575990545
UAE,2024-03-01,2024,3,Restricted,2.500544737994447,0.383455014854216,-0.9910911353316136,1.3297943652050759,-1.6755804496240945,-0.8065198324565613,1.6772005099660963,-0.4351387479620344,0.5099163180627652,2.2303317874719943,0.7291099789590911
UAE,2024-04-01,2024,4,Restricted,6.26347708053994,0.21907156253766866,-0.47539224221454224,-0.8358702556183056,-1.0958708107987172,2.768373605625943,-0.25155190018413637,-1.9255673603328771,-0.18311540297706272,0.21026475110818457,2.1101730644155356
UAE,2024-05-01,2024,5,Restricted,6.372525712923735,0.6110709051105708,-0.7664664310197878,-0.9331190886861417,0.6734727961582307,-0.24691832748945464,-1.9259778184451013,1.7872399646046684,-0.5702019260993916,1.7971666667772161,1.2036574963680433
UAE,2024-06-01,2024,6,Restricted,3.613291597484079,1.4955717364824264,1.278434957965715,-1.0010095444828142,1.0331898643631479,-0.6514425498636812,-1.866700586803942,-0.4245981660221425,-1.4970815826776451,1.868585104082416,-0.43869052156125876
UAE,2024-07-01,2024,7,Restricted,2.8403003764235093,-0.4627366479963376,-0.3070483409251013,1.143566044928613,0.10649398029009184,-0.8432983112849525,0.7020303236673265,0.19767556695424515,-0.5291699183926956,0.8028180406561986,0.021051257931058113
UAE,2024-08-01,2024,8,Restricted,2.995330434479993,0.4283529137714487,0.3918287077161016,0.020121129580859987,0.8917005810695752,-0.6723935843265022,0.33649978882090087,-1.5669593711673528,0.008618944484334264,0.006770755854797367,-1.3972585817823446
UAE,2024-09-01,2024,9,Restricted,6.894267293539301,1.9530596955398964,-0.9948563524675411,-0.759802131987775,-0.710015442891552,0.12999822580159529,-1.0630362728537182,0.42124737869098017,-1.4839389205706082,0.8076972264945932,-0.29909214414818164
UAE,2024-10-01,2024,10,Restricted,7.3034874181089755,0.5343472134537844,-1.7684154256380726,0.9951676651586061,0.9373674142536799,0.8301613723463044,0.372842248655825,0.2201893142051328,0.53176506879681,0.3710405500673018,0.2063982881027564
UAE,2024-11-01,2024,11,Restricted,-2.405834590686506,1.9235134876034545,-0.9530404633648498,1.0781253957947718,-0.08621709800745275,-0.1296730520286007,-1.5365306903820384,-0.28478940951539505,2.0737887401390562,-1.6565727587189492,0.024553716431673412
UAE,2024-12-01,2024,12,Restricted,5.602009134745689,-0.4638544295059457,-1.0981863837781498,-0.44890838731300636,-0.40611035702340326,0.09675491843880031,-1.614749862291331,-1.4455181477453234,0.20822814389750868,0.7248747565951005,0.5870398910646618
UAE,2025-01-01,2025,1,Restricted,7.293982512930356,-0.7974381170700989,1.0745297902299311,0.2252697220150467,0.6067621502064073,1.4106923204208948,-0.30971081180657256,-0.5744867054162758,-0.17963866295658346,-0.06976846848072105,-0.3485767886433744
UAE,2025-02-01,2025,2,Restricted,3.183677717415394,0.5095135639296859,-0.18733030982130086,1.3914579669559421,-0.21224430983993056,0.03277363755578143,0.021222650834258405,-0.9345938948984711,0.7089667078020773,0.029530426583253028,0.1983622362033386
UAE,2025-03-01,2025,3,Restricted,2.6167904452891086,1.3967601773984912,0.4449683153761758,0.031063426398931566,-0.16176728116566969,0.33086702840635124,0.7497666284891851,0.609238830889753,0.04338815696757663,0.023290320480448868,-0.09855490925358655
UAE,2025-04-01,2025,4,Restricted,6.78347605441139,0.32478159411011454,0.47993974114827864,-1.0071949875269783,0.16823054118369438,-2.161303886302362,0.48253370982118504,0.6603430545626816,-0.32711839362872897,-0.486005533844695,0.11108986943597375
UAE,2025-05-01,2025,5,Restricted,5.194690655236201,-0.3950468521695675,0.3090468350240348,1.4239538455411669,1.4137696482912587,-0.029172699226560628,0.13931963072955983,1.110911144734433,-0.5625284843157885,0.19838472393673204,1.570572458374039
UAE,2025-06-01,2025,6,Restricted,5.731919282840182,-0.3230757426770246,1.335570455536757,0.9752005416847661,0.36926377764990465,-1.5058324053306205,-0.04991023304116202,-0.589915396249933,-0.3150636392638425,-0.04867248629735411,-0.21783438771309066
UAE,2025-07-01,2025,7,Restricted,1.7172078787826162,-0.8093466847948803,-1.0257233949746074,-2.0648652776836416,1.2218046849767015,-0.3997705114430575,0.15714578370253451,-0.002238116474181094,1.671191867041315,-0.3244848723017474,-0.0027345411936779977
UAE,2025-08-01,2025,8,Restricted,9.433520904464887,-1.2590649114481935,-1.0053151259972357,-0.723168438829393,0.36660624701380495,-0.7957176635206115,1.7464906315946216,1.0271510358931508,0.910516006396858,-1.263006903480443,0.3765599863851301
UAE,2025-09-01,2025,9,Restricted,4.231681739818214,-0.11965890247315014,1.5142807357204837,-0.21800563112112403,-0.031261414154246076,0.1699745397492694,0.701823040543344,0.6369080790029852,0.026086314552920126,-0.15300137488899793,-0.0199106472358976
UAE,2025-10-01,2025,10,Restricted,11.225652550558817,-0.5329937194259537,0.6399029571520845,0.7152365838912327,-0.3933511248228728,-1.587188069678454,-0.20731609600824458,0.6235257988258587,-0.3812166071177013,-0.14828005629460367,-0.24526457432423182
UAE,2025-11-01,2025,11,Restricted,6.4330512290276385,-1.197957962340662,-0.42657125283057357,-0.3894035615253766,1.3558053394315013,-0.03494150045863278,-0.9073265593722656,0.5586952829218191,0.46648909709313674,0.35331619368612627,0.7574820477005957
UAE,2025-12-01,2025,12,Restricted,12.882157668143156,-1.2243872733579544,-0.8927733072761507,1.734041954422619,0.38420922164946225,0.10776005545254295,-0.24989373581204613,0.29214884211879866,-2.123138900463809,-0.4333262220454901,0.11224627923625527
UK,2019-01-01,2019,1,Legal,10.225790638269748,0.114845090277753,0.8687983383055493,0.02310434600073103,-0.9779388355526387,-0.6124228909008682,-1.9790186934897123,2.0268171160423925,0.0026534207022623968,-0.045723932636300986,-1.9821031703406546
UK,2019-02-01,2019,2,Legal,8.288706484049806,-0.830070495129237,-0.2818448493971,-0.6368764742064336,1.542547211374117,-1.419877164270929,0.11447605881877927,-0.10852784256484785,0.5286523702806971,-0.07290710872155245,-0.16740932090485525
UK,2019-03-01,2019,3,Legal,4.466568389551801,-0.104009227724695,-1.7582088766554351,-0.25111783464244086,-0.972162217943325,0.07957954655656065,1.4341770365203266,-1.7394252442322782,0.026118572049057934,-0.36014743190489723,1.6910035033794615
UK,2019-04-01,2019,4,Legal,10.639538166379614,-0.552692953783497,-0.38163109541321116,0.740125664105244,-0.1735444175613875,0.4158027257204452,-0.6257730437317763,0.22992434541793752,-0.4090622394652997,-0.46315068957114086,-0.03990208660873924
UK,2019-05-01,2019,5,Legal,6.879214027764333,-0.7322995497370884,0.7813581198065147,0.05237276872756848,1.0454602404822526,-0.20141990007697352,0.3812446551620988,-0.04060623167853,-0.03835255495768306,0.019966838153426196,-0.04245220073571404
UK,2019-06-01,2019,6,Legal,6.009496229600446,0.25893042822568985,0.5368074692249037,-1.249564911924005,1.4336336088178778,-1.8596630405497985,-0.684812109738896,-0.09426907076490067,-0.32355037774027906,0.8557171835903756,-0.13514730812059245
UK,2019-07-01,2019,7,Legal,8.83354826210925,1.5761725277413785,-1.8582914882251074,-0.5076941283897106,-2.1268334877992654,0.03162197391024777,0.27168358450003066,1.5907957421712526,-0.8002135376634661,-0.13793216063053537,-3.383357656698306
UK,2019-08-01,2019,8,Legal,6.456734777533322,1.0440251294423797,0.583837081539059,-0.4352481970051683,-1.4089607467920393,0.2750022982918108,-1.4921020171453638,1.295207072669644,-0.45441005521788325,0.6494347127102943,-1.8248959243589529
UK,2019-09-01,2019,9,Legal,2.950538191684659,1.1951774115114164,-0.48021443413239945,0.2688507864009919,0.20934885733468878,-0.04504411801092395,-0.4326595133965921,0.3924560184705202,0.32132438697354626,-0.11632085042054428,0.08216021902092492
UK,2019-10-01,2019,10,Legal,11.420028153808087,-1.2094353289590587,1.2428268933268276,0.7271679888921005,0.06589160860223994,1.6651423825437814,-0.26776551872484483,1.3227032199889794,-0.8794626558542148,-0.1947105137457955,0.08715504286843631
UK,2019-11-01,2019,11,Legal,5.303520756548865,-1.0247507500763902,1.8480401917708498,0.9907108466240852,-0.12102103100956424,0.7271712595339489,-0.40370343399790687,0.8291490350595421,-1.0152316831868469,-0.3999533708811168,-0.10034447108349111
UK,2019-12-01,2019,12,Legal,8.217739891760566,-1.0198013336945937,0.9792597442869628,-0.24965553821891934,0.2075422948887419,-1.3467856621154346,1.847866995702103,1.1905296437176767,0.25459905083989554,-0.46133022936898604,0.24708525439024287
UK,2020-01-01,2020,1,Legal,4.9412271826997785,-0.4046958568633261,1.029604361419693,1.9824704501689276,0.9537602558113537,2.171802667396602,-0.922351329061918,-0.8193868304987907,-0.802297577537338,-1.8285342545392893,-0.7814985930649809
UK,2020-02-01,2020,2,Legal,6.387297759651457,0.4417606496494795,0.1756035498043698,-0.1519511234719855,0.8092586281232987,1.2323286052146643,-1.525662409286842,-0.5969720279011155,-0.06712602701995259,0.2318261171301118,-0.4831047643272403
UK,2020-03-01,2020,3,Legal,10.37161798192722,-0.467738683858582,-0.7982060763581541,1.0185374276503947,-1.28950006972398,-0.301579807791105,0.32864402580480856,-0.5738199139101188,-0.4764093558699013,0.33473624065589963,0.7399408189961064
UK,2020-04-01,2020,4,Legal,4.520629397245966,-0.568876975197369,1.4086194934459193,-0.12574629749577262,0.6712701367053535,0.7460239529828163,-0.6275400027440727,-2.0534865486558886,0.07153417336166362,0.07891083187555414,-1.378444196238843
UK,2020-05-01,2020,5,Legal,5.859757535480077,0.0722883471248695,0.5558260275751273,-0.22652747238283805,-0.43042769880071585,2.0084730109816995,-1.472354061510778,0.7339504783642387,-0.01637529655692989,0.33352864400664217,-0.31591261543600385
UK,2020-06-01,2020,6,Legal,4.664483500626078,-0.33577861774042206,-0.31710283257396576,-0.8034342741712573,0.5712242102362395,1.390643595949957,0.47001366124666144,0.10338199621209512,0.26977605002650407,-0.37762508477428663,0.05905429913889994
UK,2020-07-01,2020,7,Legal,1.9159648675234755,0.5168252658244509,2.1563496317292987,-0.3806946237950925,-0.375983579351866,-0.5610891309809971,-0.4894142344944204,-2.7452995536723845,-0.196752600140838,0.18631736788081657,1.0321875525828232
UK,2020-08-01,2020,8,Legal,6.058433747395047,-0.8455521763546138,-1.6102631187918002,0.7531899497325488,-1.0820177850419361,-0.3386690538837576,1.46644239118858,-1.4092157980245135,-0.6368614012047789,1.1045096709050053,1.5247965564245884
UK,2020-09-01,2020,9,Legal,7.890285071031402,0.26930618956233815,1.1494873640103684,-1.574341717731963,0.4076897368371771,0.5809995399616921,-2.0591604836923203,0.7985013379072202,-0.4239799690714211,3.2418222529819474,0.3255408003155284
UK,2020-10-01,2020,10,Legal,8.318493393931911,-0.31178557325602474,1.2523463622980082,1.1364555743248452,0.10311792571720485,-0.45144539032493364,-0.9728278925829571,-0.03756350936619123,-0.3543304527208767,-1.1055756813845934,-0.003873471168500436
UK,2020-11-01,2020,11,Legal,5.999200009905631,-0.32417686104064125,-2.19750100526203,1.2687138945765704,0.19022322184489376,-0.37962449667683384,0.8571583884232883,1.5246385964827558,-0.4112876879024796,1.0874887572454868,0.2900216659720267
UK,2020-12-01,2020,12,Legal,3.488840733837605,0.43426364992207156,-1.4266492108103472,0.49911050679894126,0.12792720237457925,0.6357265264405499,-0.4992476144946553,-1.8732401118191522,0.21674555039696314,-0.24917972988858986,-0.23963836688086815
UK,2021-01-01,2021,1,Legal,4.83199033689495,0.40684763513978306,1.0153923286752233,-1.1718313004725252,1.0270604268730175,-0.6478722896465213,0.3624498815945265,-0.5098939528656328,-0.4767567933800234,-0.42473011610502676,-0.523691900890147
UK,2021-02-01,2021,2,Legal,12.877013198316835,0.8918776345702746,-1.2270140772885358,-0.6799058967468314,0.18496258734208662,2.4015836610303523,-0.863189712166828,2.040133885996919,-0.6063928629209454,0.5868877753134265,0.3773484420782557
UK,2021-03-01,2021,3,Legal,7.1849068880550835,-0.09731115070159116,-0.2981525261999002,-0.6920651986646915,-0.0682025303326691,-1.406719432559558,-0.0762390173205976,1.4968802738508562,0.06734566084258642,0.05276237066798023,-0.10209102228168705
UK,2021-04-01,2021,4,Legal,9.066279783944472,-0.24072430398905065,-1.7011404742672418,0.3740620881310435,0.2644816849513739,0.0637023597657709,-0.21682705022214338,-0.2927579187724547,-0.09004583581403637,-0.0811067791693896,-0.07742910763979628
UK,2021-05-01,2021,5,Legal,8.836628276232751,-0.02881660158862331,0.3149718715553322,0.21498281745454795,1.1234272870957618,0.6769940973750542,0.19286184315019061,1.5184220306521796,-0.006195074198987441,0.041461982419905084,1.7058367425620158
UK,2021-06-01,2021,6,Legal,5.93543213389151,1.3049626887904189,0.6069426083866378,-1.841919078931543,1.3048347633193296,0.1351762413426691,-0.05195477090077795,0.28134834748957704,-2.4036356737768783,0.09569648376366025,0.36711310440684675
UK,2021-07-01,2021,7,Legal,7.396584570874766,0.2270288603889453,-0.5918760663430924,1.27427225873437,-0.1135881136210503,-0.3825838427224335,-0.9249258157192739,0.2687757891486415,0.28929657872571124,-1.1786073083583288,-0.030529734876403345
UK,2021-08-01,2021,8,Legal,9.184158743383042,0.3884246136775064,-1.0272518875051289,-1.601181198811573,0.6255913025065598,1.4846418618765076,-1.0263536223898961,1.5894412835616984,-0.6219381885760719,1.6433781235028544,0.9943406428410612
UK,2021-09-01,2021,9,Legal,3.4348858102315507,-0.007062904550829715,-0.397548696545778,-1.3845180194249966,0.9877285159245996,-0.7756063614376031,-0.7798066757376003,0.9919263098869546,0.009778718620102553,1.079656394226613,0.9797539019712063
UK,2021-10-01,2021,10,Legal,9.24662895946211,-1.5235978106681667,-0.01813424350808177,0.2932844290048521,0.48473464796892385,-0.3017984933962528,2.5303696686416894,-0.22789255876583409,-0.446847513934856,0.7421180234387746,-0.11046741924809388
UK,2021-11-01,2021,11,Legal,10.262423223001553,-0.7969866688138776,0.12390681652107108,0.6149612320467747,1.20357805453346,-1.489284264440218,-0.2459953383557008,0.44670361080914417,-0.4901159037786369,-0.15127759635298496,0.5376426628507416
UK,2021-12-01,2021,12,Legal,2.025875390440762,0.006548657804539276,0.5424239695321018,-0.8089638929258004,1.5579054323183568,0.9926281029794295,-1.3449277870651724,-1.0751030481167556,-0.0052976277109990175,1.0879980183283238,-1.6749088789631172
UK,2022-01-01,2022,1,Legal,6.241862423204486,0.6779699708965286,-1.2847277664174672,-0.3310243342080806,0.45470439641677407,-0.06616593454643468,0.2588875157127058,-1.0658027113487583,-0.22442455822909513,-0.08569806752358243,-0.4846251785631984
UK,2022-02-01,2022,2,Legal,7.843099832044412,-0.6132118924759965,-0.32461967439794126,0.23773172790598612,0.10307822153084817,0.023980019015592963,-0.7506268219767557,-0.29954941119919215,-0.14577992277081842,-0.17844781140111315,-0.03087702056702546
UK,2022-03-01,2022,3,Legal,11.942264975530788,-1.3750852331670849,-0.4625329663133788,0.38767987903284645,-1.2774366038453424,1.1565816515942398,1.2696132625998429,-1.2451505759600856,-0.5330928768540689,0.4922035160632046,1.5906009230305238
UK,2022-04-01,2022,4,Legal,1.6484382646402467,-0.1435815887121344,0.4185145591570548,-0.4966510521282467,0.9230448272267618,0.4060940188486671,-0.8141532565976035,-1.1652019999652885,0.07130994710012672,0.4043500714828382,-1.0755336787422372
UK,2022-05-01,2022,5,Legal,6.371138838938168,0.18794177643275645,0.5724714117797358,0.6509656787794414,-0.11798109460737784,-1.156996455664364,-0.682074798023783,1.1523486389619257,0.12234364606656334,-0.4440072838739023,-0.13595535379405005
UK,2022-06-01,2022,6,Legal,6.430496741431611,0.14341763068147614,-1.0756504835748875,0.33658304545903495,-0.45768456167907784,1.0467127137757637,0.7735577062068134,-0.4957059465748997,0.04827194290729037,0.26036640859339466,0.22687695887984535
UK,2022-07-01,2022,7,Legal,8.96273583089072,-0.5511162400406288,-1.4194331965450098,-0.8574424295472166,0.19821732772082012,0.3252594982295819,0.1485479035926389,-0.30173305395863576,0.47255044782336375,-0.12737127536061799,-0.059808719640722804
UK,2022-08-01,2022,8,Legal,5.754822021081883,0.06354190456093739,0.7032538280959473,-1.7737751322025186,-3.9224002516183423,0.2837880278380801,-1.4247656537214894,-0.21245170271305602,-0.11270905016297654,2.5272138857874427,0.8333206121784362
UK,2022-09-01,2022,9,Legal,1.9336090312800502,1.587400602415537,0.3999965529436064,0.16585902679867273,0.8369911546336737,0.36849758683903877,-0.45767699298843306,1.0714759302545598,0.26328471905626777,-0.07590986064520447,0.8968158760259536
UK,2022-10-01,2022,10,Legal,7.934886049812704,0.32324718753356224,-1.5475697941363111,0.20394385751599503,0.19298964177292946,1.6764549619146625,-1.5649738934417794,-0.6008871758538126,0.06592427835679095,-0.31916681274034225,-0.11596500081397455
UK,2022-11-01,2022,11,Legal,6.3503124610170225,0.33531725639730775,0.18030505133750305,-0.9561357029585392,-0.5908183480914292,1.2450410082232566,-0.051509193753927957,0.3753596961444733,-0.3206088006595686,0.0492497791787395,-0.2217693956161785
UK,2022-12-01,2022,12,Legal,7.203716981733824,-1.1830855152497652,0.9338104260749966,0.5032323845324963,2.305636837367189,-1.015581379650545,0.8225729212004805,-1.3115439660370012,-0.5953669449449964,0.413945332587579,-3.0239440819215715
UK,2023-01-01,2023,1,Legal,7.742552592248365,0.9765065890631646,-2.072135116096487,-0.20493247424160788,-0.5632097340426202,-0.7019572982951218,0.3852126522593543,1.1206857064225955,-0.20011791140994734,-0.07894258193668158,-0.6311810986596359
UK,2023-02-01,2023,2,Legal,5.322252789355879,0.20548642756001975,0.11430875305924776,0.0018035063564141765,-1.0893426377121063,1.1084446017228928,0.295195368158836,0.39488149000257766,0.0003705960782613368,0.0005323867228584837,-0.4301612439030947
UK,2023-03-01,2023,3,Legal,3.5488614398391816,-0.4592203979892406,-0.1761341977107784,-1.5341246934488517,-1.6880343251976784,-0.6007479306385679,0.5225207664423902,-0.653137389929941,0.7045013522907034,-0.8016120106390909,1.1025183332717607
UK,2023-04-01,2023,4,Legal,6.550540475695476,-0.8146856532376702,-0.4553424231453126,-0.35385896282010376,2.1655214522065567,1.0546206284873183,1.024774112281728,1.1685803642733814,0.28828382027910066,-0.36262550449690484,2.53058584746136
UK,2023-05-01,2023,5,Legal,12.954742680610398,-1.2223646149872391,-1.1068702915340567,1.3345061333378379,-0.547191788882491,-1.251356182239287,-0.430996200219813,-0.23860553171462742,-1.6312530758756154,-0.5751670726386432,0.1305629877361849
UK,2023-06-01,2023,6,Legal,5.0113850417408985,0.250951020712043,-0.8281805638735081,0.6856563925137109,-0.6391935337501581,-0.15627633670504304,0.686774070503355,-0.6418214039443414,0.17206617155905296,0.4708910316532874,0.41024809122367123
UK,2023-07-01,2023,7,Legal,7.769383529884448,0.591668049693131,-0.8577331766050195,-0.38479202360407067,0.5557421780428925,2.054092441435975,0.6054045047627467,0.47263976299001165,-0.22766914614329373,-0.2329548244866775,0.2626658513137456
UK,2023-08-01,2023,8,Legal,8.022320017413925,-1.0731902740670494,0.115596738679908,-0.029766488336401747,0.32158454037275613,0.11650805247587083,0.37969967741711275,-0.3114671948992017,0.03194510577575662,-0.011302326019171992,-0.10016303471285144
UK,2023-09-01,2023,9,Legal,8.188699744070252,-1.227828566056992,-0.31990727800291385,1.3908335481766436,0.3188083396282559,-0.020921037383076883,1.8961232762543467,-1.3608349783010791,-1.7077051610816867,2.6371918640931553,-0.4338455399402207
UK,2023-10-01,2023,10,Legal,2.761280241446515,1.7127114112762727,0.04596093604893383,-0.24258303628979377,-1.1992043250956432,0.44769626639501187,0.5444598695274623,-1.0944943608348963,-0.415474734435576,-0.13207672828791678,1.3125223713059992
UK,2023-11-01,2023,11,Legal,5.0899617994097435,-0.33551583203306606,0.25597714641877106,-1.1192502422206438,1.2519474545131573,0.9158237815976042,-0.36317555873281615,-0.2164187116383712,0.37552617627187007,0.40648433208032214,-0.2709448551446758
UK,2023-12-01,2023,12,Legal,5.597451095873659,-0.7783085530065034,-0.4434294182350357,-0.27027036767460905,1.612868370707128,0.9466183083304367,0.9346547073366236,0.3699256130043903,0.21035373878536062,-0.25260947140067336,0.5966413207292266
UK,2024-01-01,2024,1,Legal,7.340610188689736,-0.041491104577379236,0.9704884596133801,-1.2582646293672883,0.6365532068732643,2.322609225262766,1.0618166459897318,1.4140291355619874,0.052206789323095484,-1.336046328522287,0.9001047808542129
UK,2024-02-01,2024,2,Legal,3.2904166287930994,0.9679319487649898,-0.7178532143540356,0.7958638123412265,0.6543881340607632,0.2899111740376629,1.3160074197184983,-0.5387848378473886,0.7703420108309775,1.0473626821265047,-0.35257440469918355
UK,2024-03-01,2024,3,Legal,5.413371773956927,0.0954620413582963,-1.0296109710894006,0.22693194380024787,-1.718930412953847,1.0469545344282092,0.046637366565965746,-0.5208929039037633,0.021663386604577835,0.010583508248539297,0.8953786544120244
UK,2024-04-01,2024,4,Legal,6.401289867663328,-0.23457902961918758,0.6882597107724135,0.5477389787375606,-0.7055379472784609,-0.8460396726276342,0.6568987063196474,-0.7223474046150294,-0.12848807811686178,0.3598090265335484,0.5096435050740117
UK,2024-05-01,2024,5,Legal,12.912192724954089,0.12375464252427706,0.3120621317267384,0.8582704301818718,-1.2629629368673227,-1.9111593252604877,-0.5674472812283516,1.801528407832186,0.10621495027631504,-0.48702322216539096,-2.2752636088056497
UK,2024-06-01,2024,6,Legal,11.604785454498819,1.8311771355658875,-0.1929813677606896,-1.7821150819848288,-2.343039101651841,-0.6140381615494112,-0.19807363014936016,1.3006254010559588,-3.2633683910777456,0.35299000363265964,-3.047416171275719
UK,2024-07-01,2024,7,Legal,6.724896657529654,0.2274050789916206,-0.8898447709411417,-0.9607795582448903,0.2541276870714354,0.6970509788397266,0.39188126224558456,-1.0345979596066548,-0.2184861513362136,-0.37651150602476274,-0.26291998652366555
UK,2024-08-01,2024,8,Legal,6.176056328843366,0.4259109671014113,-1.0706664061901783,-0.7843209703002557,0.6884959745615665,-0.23450753514589096,1.5891473016364572,0.5011292760645764,-0.3340509029784992,-1.2464015535695392,0.3450254893054128
UK,2024-09-01,2024,9,Legal,10.284783157841328,-0.01020560039093268,0.06338339263771817,-0.72839031324171,-0.9125881981776266,0.7013898938094993,0.8452732970420956,0.6037814695529586,0.0074336604655711735,-0.615688881607345,-0.5510038433923741
UK,2024-10-01,2024,10,Legal,6.046242498203174,-0.5417732360116019,1.6742707660711302,-0.9009211185541528,-1.0126855633684928,-1.7599588821492502,-0.44579531382681703,-0.5037223368294537,0.4880949497902754,0.4016264127790556,0.510112338453429
UK,2024-11-01,2024,11,Legal,9.020710673205295,0.24389094162045094,-1.1929733710191368,-0.39272623842581755,-0.37146202108768545,-1.7759822469618927,-0.9809467270133695,-0.7708136306140894,-0.09578237208873036,0.3852435181960779,0.28632798910984625
UK,2024-12-01,2024,12,Legal,5.394013031828768,0.19145071595735258,0.6621687539474996,-1.498635497149212,1.1942144830139918,1.3011020630240928,-1.998344967144626,-0.7053167239158482,-0.28691483888831965,2.9947907033124124,-0.8422994468122871
UK,2025-01-01,2025,1,Legal,7.328080181277275,0.6443884535381822,-0.6784947304872218,-0.3054994630536529,-0.5973810610451429,0.11041804694611956,1.1971785314619128,-0.7710421571412046,-0.1968603265538884,-0.36573739854097503,0.4606059819435486
UK,2025-02-01,2025,2,Legal,10.682188207240575,-0.7816720723468876,-0.8476272124968842,0.8185946183432132,0.9219363780076167,0.8514099367626543,-1.3157974082181412,-0.46595097807205077,-0.639872551732349,-1.0771046771973185,-0.42957715705285293
UK,2025-03-01,2025,3,Legal,11.077287954119631,0.04154184056389461,-1.0736928461974642,0.4583179391254417,-0.7148072589914702,1.7945248483922118,1.5448414624182587,0.6040974263555674,0.019039370754721854,0.7080285553310699,-0.43181322549702467
UK,2025-04-01,2025,4,Legal,7.852816392415406,0.0647913501233811,0.7654374943750158,1.477720295302075,0.2454986817943127,-0.25518717151428366,-1.7046219581771158,-0.08313352572149399,0.09574349303734284,-2.5189544634158887,-0.020409170977540362
UK,2025-05-01,2025,5,Legal,6.535072504579843,0.9456334275676296,0.5043650657184098,-0.5412990949622398,-1.9768215689475905,-0.4952150980047351,-0.3043448710539514,-0.3129289671900141,-0.5118705185083987,0.1647416032579035,0.6186047318897128
UK,2025-06-01,2025,6,Legal,4.606125248564227,1.9856764110148395,0.12352920184109302,-0.21673178915646166,-0.25922181300409286,0.12438476690771437,-0.828293760348399,0.12019855874605508,-0.4303592012450277,0.179517588627442,-0.031158088318631358
UK,2025-07-01,2025,7,Legal,2.931354542092124,0.20968606357448813,0.4575419340047812,0.4337476093485353,-1.7718966822464437,0.6368701583954032,-0.6710148456624536,-1.095839163003958,0.09095082878913921,-0.2910510851434656,1.9417137772024329
UK,2025-08-01,2025,8,Legal,8.294724405727736,0.4335416104725293,-0.22257492722485292,-1.6819687839854105,0.4780378151922834,-1.439608130798827,0.13982135851821087,0.23849892567305414,-0.7292034553735567,-0.23517516036206326,0.11401150535445359
UK,2025-09-01,2025,9,Legal,3.2298674530392684,1.7816847864668515,-1.3646763259005417,-0.05247385606304944,-0.27633529504421733,0.43374968596096225,0.21566877093361872,-0.35254624273662016,-0.09349187103478654,-0.01131697204326549,0.0974209700033542
UK,2025-10-01,2025,10,Legal,8.003672740765225,-1.1164508551840477,0.9878615824065096,0.45920418159952936,0.9177681977951373,-0.3103961364755137,-0.6568354686944304,-1.0783150666292278,-0.5126789012508853,-0.3016215938473692,-0.9896432753556498
UK,2025-11-01,2025,11,Legal,2.791070561265749,-1.0397932245282346,1.8486630689665502,-1.3076425810934404,0.2736601192125019,1.5668547072137862,0.599089759263809,0.17567371249177932,1.359677895925572,-0.7833952791103751,0.04807488910300311
UK,2025-12-01,2025,12,Legal,10.984091291778142,-1.381769188567704,0.7700501089175859,1.5061472407749465,-0.43884999047817147,-1.139061507616351,-2.4581694305490185,-0.9807648436625377,-2.081147850749084,-3.7023651051787256,0.43040864230263
Vietnam,2019-01-01,2019,1,Restricted,4.321748814335973,0.6731336922329685,0.305085404706753,-0.40011966130113097,-0.5831657172559563,1.4056475975079636,0.20073854075838948,-2.102600691921022,-0.2693340249466351,-0.08031943693833007,1.2261646406069928
Vietnam,2019-02-01,2019,2,Restricted,15.000112047637321,-0.8582160317716268,-0.5462640091774649,0.5629106602850852,-0.10744488179424941,-0.07686540700366203,1.3134731613252366,-0.6964610897866884,-0.48309895311181206,0.7393680445083272,0.07483117946642485
Vietnam,2019-03-01,2019,3,Restricted,6.761922916189308,-0.6713075913710861,0.08919819661257138,-0.28120359540276724,0.1234191335009612,0.4445919950731292,0.43383524008887675,-0.75311733062058,0.18877410831472108,-0.12199602932541488,-0.0929490883697489
Vietnam,2019-04-01,2019,4,Restricted,-1.7095998121823075,2.5031717909057107,-0.4839843396005531,0.6992124386719866,-1.6076413105231968,-0.2796127199046768,-0.12719938398244293,0.4728150699278325,1.750248852334106,-0.08893939147193836,-0.7601170386538976
Vietnam,2019-05-01,2019,5,Restricted,7.849954690463994,0.16614061307833064,-1.1497414553678929,0.32434571119492384,-1.036329196838163,-0.8554826959255813,-0.27362761039326816,-1.0523294696031953,0.053886995307251814,-0.0887499418955721,1.0905597540430094
Vietnam,2019-06-01,2019,6,Restricted,12.859482807229604,-1.1933757685433153,-1.8331704516987275,1.0179570524293595,-1.2960486928239283,-0.17868088760798354,0.7528910814937849,-0.6149441025160431,-1.2148052797869748,0.766410786117766,0.7969975002257015
Vietnam,2019-07-01,2019,7,Restricted,6.314394303603511,0.22623808866742148,1.117933822727152,-1.1693152650864689,-0.15014783201743892,-1.7324945949673274,-0.39320100368219,0.034204684538075444,-0.264543650622802,0.45977593585290566,-0.005135759228232442
Vietnam,2019-08-01,2019,8,Restricted,13.800787068598138,-0.45699183382523145,-1.40822676830745,0.0770786113814936,1.0556942488831496,-1.0971438697704636,-0.6226717665523829,0.5025462464541818,-0.03522429596393112,-0.04799467511231923,0.5305351821794936
Vietnam,2019-09-01,2019,9,Restricted,14.838685918719731,-1.4931898122089313,-0.16878473741594932,0.283130822319525,-0.10205639062884797,-2.476792066877087,0.5010900093087719,1.5193363510906441,-0.42276805940985185,0.14187402639169103,-0.1550579841435153
Vietnam,2019-10-01,2019,10,Restricted,13.391348135717957,-1.0311060532942633,-0.5131272463642831,1.769913067655593,0.9099625408605586,0.6400266183843293,0.35641258353437605,-0.6611371121909724,-1.824968077864301,0.6308192890743828,-0.6016100064665094
Vietnam,2019-11-01,2019,11,Restricted,11.520076808046674,-0.0779227356785159,0.5495743160644443,1.5089188942669034,1.118338136793128,-1.4193843557960406,0.22399496890104872,0.736763345167897,-0.1175790881582784,0.33799024079551987,0.8239505466925382
Vietnam,2019-12-01,2019,12,Restricted,5.3646458736819715,-0.6292337633874194,2.9141092157683617,-1.2770845623311189,-1.08318844666605,0.2335950812615763,2.1168030549638535,-0.8361948507041709,0.8035847253195854,-2.7033365029896883,0.9057566014444004
Vietnam,2020-01-01,2020,1,Restricted,9.672558676355886,1.0772936730156928,-0.0178621548877335,-0.33460385453029556,0.5656329018867198,0.2725179902295931,1.0304387856367914,1.2914688890653634,-0.36046661545215064,-0.34478878953158737,0.7304972954184596
Vietnam,2020-02-01,2020,2,Restricted,7.292541361314045,0.291732725378309,0.21411098228613354,0.4891305566492876,0.05517063787146392,-0.0006084823222894505,1.1966271208272423,1.5161161803550431,0.14269539035710604,0.5853068897118634,0.08364509675743517
Vietnam,2020-03-01,2020,3,Restricted,5.195725937996326,0.010021151740569072,-0.6886944334452347,-0.3109714664860723,0.40251620973532143,0.6694383715424684,-0.1121264436113449,-1.9133403347228028,-0.0031162922526442203,0.03486812460168782,-0.7701504994663338
Vietnam,2020-04-01,2020,4,Restricted,6.611694133598116,0.896499670200166,-2.7404264220349313,1.1874271516819999,0.5212299906445413,1.316176081530022,-0.19856918688096045,-2.061405424022905,1.0645280498696352,-0.23578644398986962,-1.0744663298780655
Vietnam,2020-05-01,2020,5,Restricted,5.9839149959489895,1.2746531240383412,0.924721805513421,-0.6626914834880354,0.0867610754626467,-0.5328362687799237,-0.8192664641893718,0.955388571179851,-0.8447017697016271,0.5429209085256522,0.08289053992028526
Vietnam,2020-06-01,2020,6,Restricted,8.814890839148333,-0.8938164305816126,-1.1040256334723855,-1.4902475232990466,0.14641429184260343,1.161503048481976,-0.18487675624526564,-1.5057478005641665,1.3320077219582425,0.2755121281100687,-0.2204629979131601
Vietnam,2020-07-01,2020,7,Restricted,7.144180181158464,1.6857017540349715,-0.6462423241465945,-0.4785542667177183,0.5156606300833942,1.6218737477850513,-0.5198341457252261,-1.332449780998205,-0.8066997668069773,0.2487688484223671,-0.687091893624015
Vietnam,2020-08-01,2020,8,Restricted,5.258543327596253,0.7990680731422993,0.006131450435226853,-0.5581332596574506,0.9943787309920463,0.5280360045479643,-0.7684355169034929,0.04909473130567151,-0.4459864683511097,0.4288894198859045,0.04881875661412913
Vietnam,2020-09-01,2020,9,Restricted,8.827550103798677,0.6858904564379199,-0.2622335693828558,-0.4357108323847371,-0.03287448515243416,0.040307699330247825,0.8949300615655605,0.5910905313252215,-0.29884990169931336,-0.38993072205085444,-0.01943179689579541
Vietnam,2020-10-01,2020,10,Restricted,6.677328649412472,0.7636681497189952,0.40073725369161306,-0.4265996362860371,-0.1247181582364859,-0.1482228888431208,0.5052613431742017,-0.367022614721642,-0.3257805549133543,-0.215544305227509,0.04577438453922254
Vietnam,2020-11-01,2020,11,Restricted,9.31139798043623,1.9687573094339588,0.9397354817471042,-0.7606006644251391,0.5709409939421983,0.11835006565517724,0.3915511752600938,0.13734132456510456,-1.4974381176473182,-0.2978140840592714,0.07841379235653886
Vietnam,2020-12-01,2020,12,Restricted,8.332302426854971,0.34562034465144587,-0.062088698214287405,1.0421905769830173,0.233285041087872,0.12147857932905769,0.31402260248611413,-0.0936090233663665,0.36020226640935965,0.327271397270712,-0.02183758486221838
Vietnam,2021-01-01,2021,1,Restricted,9.500644835896537,-0.5866945887618727,-0.7511672196238788,-0.9985703864824396,-1.391983286797076,-0.8797173613845565,-0.17426703446692562,0.10311758244563701,0.5858558422470992,0.17401789995878653,-0.1435379513392463
Vietnam,2021-02-01,2021,2,Restricted,16.811025924680504,-2.355703490127358,1.5745863577623422,1.0864801228903818,0.4457598512171287,1.907490672553268,-0.9773641174837107,1.887625120626005,-2.559425017446873,-1.0618866864723515,0.8414274929239626
Vietnam,2021-03-01,2021,3,Restricted,8.61895785836445,0.23873792529135657,-1.2738373251342043,0.014694095544366792,0.3861664979983887,-0.1546903311345547,0.7138774440901375,0.09901444948725731,0.0035080378842950945,0.010489783370428843,0.03823606320973251
Vietnam,2021-04-01,2021,4,Restricted,14.039285638116478,-0.5668133178023393,0.8109137726156966,-0.6537420298069675,0.9154029704849369,1.222711792831931,-1.6687138623461302,1.1329263873010347,0.3705496889017231,1.0909083875371837,1.0370841802761352
Vietnam,2021-05-01,2021,5,Restricted,9.593319768439434,0.25200376120192847,0.5990841852948223,1.0370053243691586,-0.2754823151790223,0.1822802235378697,-1.3141995296231093,0.13863502853045098,0.2613292421274538,-1.362831909502608,-0.038191498624478445
Vietnam,2021-06-01,2021,6,Restricted,8.079123702614377,0.5161630229264693,1.0654247235975804,-0.7748021781355291,-0.5326067566734964,1.8955073459913552,-0.15032837376370992,0.200033787312328,-0.3999242344364475,0.11647475142769437,-0.10653934668553501
Vietnam,2021-07-01,2021,7,Restricted,6.299701261773734,-0.8216808263050224,1.6235292108918062,-0.5277014119206057,-1.12728552370693,-0.45074027730275157,-2.0017060017255335,-0.6512874649831818,0.4336021321892503,1.0563030833605145,0.7341869310473249
Vietnam,2021-08-01,2021,8,Restricted,4.790975453051022,0.6174286309273244,-0.6734142395598725,0.8878039355788485,1.3984839930693214,0.7811753362875989,-0.21538828886007655,0.14111449670559295,0.548155568476339,-0.1912225705275698,0.19734636483280524
Vietnam,2021-09-01,2021,9,Restricted,9.498096556189166,-0.13377937252123967,-0.8604384680668331,0.6943263811492989,2.572752389244474,0.49982163597380935,-1.9911401489546665,-0.36123019291437297,-0.0928865475950963,-1.3825011339847695,-0.9293558418876953
Vietnam,2021-10-01,2021,10,Restricted,9.848924503578885,0.0873574252602637,-0.7308131256087531,0.24529174263693532,-1.2425008369193875,-0.944908722685067,0.6457976416037114,-1.015663230879826,0.021428055074365918,0.15840882889979738,1.2619624143964328
Vietnam,2021-11-01,2021,11,Restricted,9.917593846498223,-1.369463774656058,1.764825883791736,-0.7742699224040547,-0.22366657180344413,0.3306132610904059,-0.5653499525010943,0.14340596107130443,1.06033461053811,0.4377334638541583,-0.032075119688996824
Vietnam,2021-12-01,2021,12,Restricted,6.231712852142097,0.9606132325034853,0.7914974359729572,-0.171810463802674,-0.14663177404360228,2.3491085580250326,0.9498890682492921,-0.9218236563202137,-0.16504340501140974,-0.16320088137700073,0.13516863808159285
Vietnam,2022-01-01,2022,1,Restricted,8.353984998266768,-0.3351431387781925,-0.1353342339231097,-1.229495157708088,-0.41192323438595313,1.8115557731939131,0.579076300875503,-2.49116140815146,0.41205686626687743,-0.7119715078699427,1.026167264623215
Vietnam,2022-02-01,2022,2,Restricted,2.795271562937325,1.0896295229091613,-0.35928530430641653,0.7172635437832151,-0.8593992108172007,-0.47025571626635737,1.4985463606698537,-0.2717300398697084,0.781551533012639,1.0748526731774992,0.23352458181935387
Vietnam,2022-03-01,2022,3,Restricted,8.600944463468279,-0.06330322278133675,-0.0785883929143568,1.1983685693734596,0.014336422175760023,-0.42158231144029273,1.045056145231206,0.12079023250111028,-0.07586059252119992,1.2523624376756626,0.0017316997678441263
Vietnam,2022-04-01,2022,4,Restricted,6.541388012369593,1.1549975605416176,0.19366176451679923,0.0029259666794376887,0.17790839141165377,-1.070668371416597,-0.5276537761783373,0.0035826018327832724,0.003379484376976588,-0.001543897367377287,0.0006373749291389146
Vietnam,2022-05-01,2022,5,Restricted,5.452666639308909,1.2724283828165954,0.21740585272700344,0.8549039226364025,0.009395354575849457,1.056288483746123,0.3975277565731539,0.013420485388464291,1.0878040157438014,0.33984803845123823,0.00012609021880462875
Vietnam,2022-06-01,2022,6,Restricted,12.1867936947798,-0.9544386262909633,0.5069157201363107,-0.04020473453637896,-0.5019919601812046,1.1064617708120719,-1.2502160258948014,-0.422495895432434,0.038372951601294385,0.05026460343422717,0.2120895427166408
Vietnam,2022-07-01,2022,7,Restricted,9.212765255007303,0.31552294092025324,-0.04785892765275731,0.25100354315014656,0.1794141710488413,-1.5166625462859213,-0.3492618853479615,1.6165216545137489,0.07919737611613793,-0.0876659707096386,0.2900268926270857
Vietnam,2022-08-01,2022,8,Restricted,9.07528285646122,-0.31830101410433403,-0.5416207633091875,-0.08701522331813741,-0.5831228313242981,0.48674150215806,0.19731341229026655,0.7735476151070181,0.02769703382467823,-0.01716927063410126,-0.45107327548536275
Vietnam,2022-09-01,2022,9,Restricted,8.453310343344386,-0.3403404828829029,-0.2257226316121348,0.45564691008859476,-0.7932211972070344,0.9156538042583441,1.1864155905176088,-0.9888723476355838,-0.155075089403655,0.540586597900284,0.7843945074764286
Vietnam,2022-10-01,2022,10,Restricted,4.779485000416864,-0.5319315082920923,2.6323862046774984,-0.4299001052078867,1.6776254421561345,-1.2666319951066096,-0.9896509661643634,-0.6866045318482008,0.22867741137816036,0.4254510544731466,-1.1518652313282436
Vietnam,2022-11-01,2022,11,Restricted,9.986364723982785,-0.26789873415849874,-0.7087782027214982,-0.8193415927345735,1.1584719964733277,1.2237936225131651,0.9492964983753157,0.5239989555843281,0.21950057553700045,-0.7777981049561846,0.6070381162257151
Vietnam,2022-12-01,2022,12,Restricted,14.595398511516107,-0.4970306906659087,-0.953157504755092,0.36299570343268733,-1.1736303925467975,-0.9939209291753935,1.1529132562048099,1.900649041722087,-0.18042000518590595,0.41850255843293505,-2.230659480929987
Vietnam,2023-01-01,2023,1,Restricted,10.513685633124265,1.1064571522946443,-0.24584831744398336,-1.3376741860876842,0.612171618618584,0.5692893232700639,0.07166855388024412,-0.24237545810511135,-1.480079170636635,-0.0958691744798369,-0.14837537650162683
Vietnam,2023-02-01,2023,2,Restricted,8.226768688840513,-0.9857330334274745,-0.7737805788906579,-1.008106506760428,0.08497296263582721,-1.0878930121092585,-0.6842421805152437,-0.7057555622271979,0.9937238849269315,0.6897889943773605,-0.059970141019158915
Vietnam,2023-03-01,2023,3,Restricted,16.13821614667413,-1.4873744464039769,0.087204992037267,1.2473036506646777,0.13549137231676192,1.5413211448013207,1.3339981858769252,0.7777350472478546,-1.8552075769050345,1.6639008072243462,0.10537638885045349
Vietnam,2023-04-01,2023,4,Restricted,7.890271457146389,0.02250038824543957,0.7637997723632599,-0.39167060950403243,-1.8825207514674638,0.49200405410295983,-1.1310686299349713,-0.9621412281903847,-0.008812740778168683,0.44300633967752107,1.8112508279107915
Vietnam,2023-05-01,2023,5,Restricted,12.520335758833017,-0.09512487755346981,-1.4120756063156303,0.16549156413314028,0.9661396608610484,-1.1283415702657829,1.2724833308487593,-1.560170825129944,-0.015742364774297166,0.21058525675550943,-1.5073429118763462
Vietnam,2023-06-01,2023,6,Restricted,5.362406607928471,-0.4112604304834836,0.14561699682689136,-1.89203357248567,-0.06213606646930852,0.22848217771819174,-0.08616210409949455,-0.5630810770523736,0.77811854150966,0.16302159363224888,0.03498764323133612
Vietnam,2023-07-01,2023,7,Restricted,0.9286901906914298,1.130526619537311,0.03080713499795014,1.5407523765167723,-0.526482354794923,-0.434794693372217,0.815594244596163,-1.622974962003564,1.7418615757675846,1.25662877063494,0.8544676797688371
Vietnam,2023-08-01,2023,8,Restricted,4.211166046312913,1.0974849713531636,-1.1719339292231947,-1.8190510153025476,1.868527188073091,-1.3938176478742055,0.18411939832816962,0.06908519272427113,-1.9963811514192595,-0.33492257846575113,0.1290875608985699
Vietnam,2023-09-01,2023,9,Restricted,5.73013507540708,-0.2673170231678089,0.44841324947910954,0.35430938151886054,0.9035206838035014,-0.38749131490543404,0.7125044420921607,-0.6893290680800719,-0.0947129291480493,0.25244700820711424,-0.6228230709573369
Vietnam,2023-10-01,2023,10,Restricted,17.985130156002167,-1.2977283756812326,-1.4621104551954147,1.0095859678911938,-1.5145735090585566,0.27403884064930323,-0.265924194072433,-0.1026485734506316,-1.310168358222004,-0.26847333485830294,0.15546881009097807
Vietnam,2023-11-01,2023,11,Restricted,12.504400197198018,-0.4384273672152734,0.6116015615496833,0.037563351381111706,-0.15201890563269788,2.2999691243864735,-1.4413417457153697,1.2891318354374448,-0.01646880124980301,-0.054141626454571386,-0.19597241083947153
Vietnam,2023-12-01,2023,12,Restricted,6.539282946510795,-0.47952499463178405,1.629318517441612,-1.8481101123885366,-0.5217666572990717,-1.2084822042690762,0.41208346487146014,-1.1130641011871776,0.8862149917220589,-0.7615756185770518,0.5807597354360293
Vietnam,2024-01-01,2024,1,Restricted,5.194293395021318,-0.18643641582155404,-0.47935394265608433,0.38864724603331074,-0.2686216239380642,-1.0886348430590387,2.8013729896349786,-0.4871671830291446,-0.07245799956936815,1.0887458975337367,0.130863639834621
Vietnam,2024-02-01,2024,2,Restricted,11.80154196106815,-0.8420986897213886,-1.2672766883727302,0.8261456160405156,0.321652659591586,0.3987128017903442,-0.3700224658372443,-0.2793502470569217,-0.6956961407867875,-0.3056924379879408,-0.08985374992342549
Vietnam,2024-03-01,2024,3,Restricted,9.848463868960376,-0.08119318413546972,0.8353334353648353,0.33607541250534645,0.5001128296208667,0.49955890824920274,0.8844424373817379,0.28815004154025464,-0.02728703285095054,0.29723935698030163,0.14410753263006704
Vietnam,2024-04-01,2024,4,Restricted,9.399573744025554,1.1888062411931566,-0.6650459180031121,-0.8557425799515072,-1.185921599186856,0.18291456362025593,-1.8537322412191233,0.46215409605967733,-1.0173121199010855,1.5863176106401422,-0.5480785246698484
Vietnam,2024-05-01,2024,5,Restricted,8.361263757140112,1.1346396998210568,-0.6719173104649906,-0.20331828541750677,1.1222033332933687,1.3831356467781524,-0.68015236575182,0.1817812325871601,-0.23069299833425183,0.138287412827321,0.20399550513948822
Vietnam,2024-06-01,2024,6,Restricted,12.32493564705805,0.3736534056211483,-0.26257565931562216,1.2813833981236349,-1.8897034836215454,-0.421130234801084,0.4479307327729469,0.45722481194934367,0.4787932706152959,0.5739710044846086,-0.8640193199388807
Vietnam,2024-07-01,2024,7,Restricted,7.308646529610138,1.198225393201287,-0.28554162530722377,1.2998712435306046,-0.7140417437774549,0.9308873827918375,1.8105224784209932,1.2149441068549691,1.5575387318905045,2.3534461054652085,-0.8675208086508647
Vietnam,2024-08-01,2024,8,Restricted,10.870379263120396,-0.3317787717721222,-1.5285912962592862,0.310539637914204,-1.1152172279709192,-0.7931346636139368,-1.1907458007366716,-0.46039233265665513,-0.10303045965373417,-0.3697737698086249,0.5134374610044202
Vietnam,2024-09-01,2024,9,Restricted,12.203997053433902,0.27361458116570514,-0.6005066354139633,1.0692837063951832,-0.20820525798996595,-0.7877224332655192,0.22629226724343637,1.963552833543816,0.2925716134726309,0.24197063424663096,-0.4088220242849189
Vietnam,2024-10-01,2024,10,Restricted,12.531342155615455,-0.3628556273736071,-1.527461356118704,-0.21941232097207036,0.23492812508811559,-0.38758089125557005,-1.6653846382409996,-0.8505653895034339,0.07961499537981984,0.36540590878768947,-0.19982173222088445
Vietnam,2024-11-01,2024,11,Restricted,4.122648885521764,1.434001003730461,-0.8866391692045981,0.6727567871994219,-1.1785727847701737,1.4043162819949524,0.24523584789423636,0.949641498616534,0.9647339081104511,0.16498408113545257,-1.1192216255578096
Vietnam,2024-12-01,2024,12,Restricted,7.999561131615538,0.6776371019248881,-0.007674063684503472,0.8519290707908426,0.9148677980978497,0.06578468947474944,-0.6008296390959147,0.7796961821794943,0.5772987465762695,-0.5118642361385799,0.7133189293758538
Vietnam,2025-01-01,2025,1,Restricted,10.015707855974249,-0.8727849535276425,-0.9201522314576858,-1.4771644163123816,-0.5102911595630633,1.1026920460743783,0.17782979970543425,-0.5297677059230407,1.2892468764438891,-0.2626838522848255,0.2703357769545323
Vietnam,2025-02-01,2025,2,Restricted,7.6149725086757565,-0.8324766217233888,0.09535027433277855,-0.17963037272551535,0.7791306255883524,-1.5772283709195007,-0.8501977458146558,-1.6382456590945336,0.14953808584545017,0.1527213379710796,-1.2764073652377268
Vietnam,2025-03-01,2025,3,Restricted,6.501432715053342,1.2114275036324305,-0.5054472096535272,-0.5106839381956507,0.8717244241841364,1.0685495584552998,-0.08857106726878992,0.6847148540498922,-0.6186565683935356,0.04523182144301754,0.5968826618769673
Vietnam,2025-04-01,2025,4,Restricted,7.008868615588641,1.3779743339254138,2.1487062939370514,0.5212157911887249,-2.0843316213428005,-0.5582302623977843,0.6128253216693214,-0.4214829971663628,0.7182219826946907,0.31941423489436016,0.8785103388521879
Vietnam,2025-05-01,2025,5,Restricted,14.528425246405693,0.5881572644358649,-0.7064755007657962,0.032264810771252796,-0.8938332206390901,-0.1825848784124418,-0.5545932404325518,1.1747618002330384,0.01897678284076087,-0.017893845957572187,-1.050041123386072
Vietnam,2025-06-01,2025,6,Restricted,15.147520152226166,-1.431188333235752,-1.9232162862097522,-0.24517242185138566,-1.518415698828682,0.04621160367091715,0.7489361138059267,1.494141897266825,0.3508879097848573,-0.18361848083376406,-2.268728513087619
Vietnam,2025-07-01,2025,7,Restricted,7.449402276190005,-0.193155224849579,-1.9783849165730842,0.026185149185798437,0.07128726054946169,0.6389568142127453,-0.7084881015290911,-0.4350526002358597,-0.005057798378702668,-0.01855186663490236,-0.031013708065734526
Vietnam,2025-08-01,2025,8,Restricted,0.3258365988665721,-2.2912928068840652,-1.108497090796783,-1.5703258142530165,0.3367122954206112,-0.5181340566668575,-0.5382371300747893,-0.9844130461752121,3.5980762426622994,0.8452076595459004,-0.3314639764196518
Vietnam,2025-09-01,2025,9,Restricted,6.611964993042116,1.5083107487475504,-1.0002705227767883,-0.412420069849907,-1.4548921652893105,0.9719303434406339,0.14342893703732443,-0.8263652852658683,-0.6220576243538303,-0.05915297223143125,1.2022723792003778
Vietnam,2025-10-01,2025,10,Restricted,9.485545679411501,1.67817992212487,-0.07296943188127829,-0.18173353761590594,-0.9413814861392655,-1.894581150472303,-0.16003867357934443,0.32548511232461763,-0.30498157400373815,0.029084394304931482,-0.30640565875635434
Vietnam,2025-11-01,2025,11,Restricted,10.526293045427469,-2.2484965344996555,-1.125096327023029,-0.5807410905564503,-0.0034808485732018284,-0.14503369152842294,-0.12168868568726995,0.40809605856994446,1.305794329557729,0.07066962003440626,-0.0014205205832024809
Vietnam,2025-12-01,2025,12,Restricted,6.588944792728084,0.9341414422336946,0.4334524416994807,-0.31983226412807936,1.6009079918889153,1.5564160355717669,0.9328953551938086,-3.0185567705677925,-0.298768572485472,-0.2983700336462046,-4.832431657972374
